Date,Disney,ATnT,BT,CBS,CCO,DISCA,GLOB,GOOGL,IMAX,MSFT,NFLX,PTSXQ,SBGI,VZ
11/7/2017,103.44,34.86,16.5,56.94,4,19.26,35.88,1052.39,24.55,84.27,193.77,0.03,30.8,48.94
11/6/2017,103.6,35.25,16.77,57.95,4.05,19.46,37.22,1042.68,25.4,84.47,196.02,0.03,30.1,48.99
11/3/2017,103.69,35.54,16.51,58.92,4.17,19.62,36.6,1049.99,26.05,84.14,192.47,0.03,30.75,49.53
11/2/2017,103.17,35.69,16.76,57.83,4.25,20.29,36.25,1042.97,26.4,84.05,194.16,0.03,30.2,49.21
11/1/2017,104.74,35.71,17.55,56.96,4.3,20.09,36.91,1042.6,25,83.18,195.13,0.03,30.35,48.65
10/31/2017,104.78,36.23,17.51,56.66,4.5,19.63,37.72,1033.04,24.75,83.18,195.54,0.03,30.05,48.4
10/30/2017,102.68,36.17,17.56,56.9,4.4,19.16,37.47,1033.13,24.65,83.89,199.48,0.02,30.3,48.09
10/27/2017,101.18,35.7,17.5,57,4.3,19.06,37.8,1033.67,24.65,83.81,202.68,0.02,30.55,47.86
10/26/2017,101.61,35.86,17.72,56.51,4.65,19.24,38.13,991.42,24.95,78.76,199.49,0.02,29.65,48.35
10/25/2017,100.64,38.19,17.83,57.1,4.45,19.28,38.35,991.46,24.55,78.63,195.86,0.02,30.8,48.86
10/24/2017,98.64,38.5,18.15,57.39,4.5,20,39.92,988.49,24.7,78.86,194.95,0.02,31.15,49.14
10/23/2017,98.35,38.3,18.27,57.92,4.9,20.53,40.39,985.54,24.5,78.83,195.08,0.03,31.4,49.05
10/20/2017,99.03,38.59,18.12,58.3,4.8,20.83,40.71,1005.07,24.1,78.81,196.87,0.03,32.25,48.81
10/19/2017,97.81,39.51,18.22,58.9,4.8,21.41,40.6,1001.84,23.85,77.91,198.02,0.03,32.25,49.77
10/18/2017,98.04,39.5,18.19,59.97,4.95,21.52,41.86,1012.74,23.1,77.61,194.39,0.05,32.35,49.9
10/17/2017,98.31,39.48,18.11,58.89,4.85,21.72,42.02,1011,23.55,77.59,184.45,0.06,31.55,49.85
10/16/2017,98.56,39.11,18.4,58.55,4.5,21.53,41.2,1009.35,23.35,77.65,179.19,0.06,30.75,49.36
10/13/2017,97.8,39.17,18.59,58,4.65,21.53,42,1007.87,24.15,77.49,177.01,0.06,32.05,49.49
10/12/2017,98.29,39.04,18.74,56.92,4.75,21.29,42.45,1005.65,24.3,77.12,181.35,0.1,31.05,49.41
10/11/2017,98.7,38.77,18.56,58.21,4.5,21.39,41.9,1005.65,24.35,76.42,180.7,0.06,30,49.51
10/10/2017,99.4,38.72,18.65,58,4.1,21.47,41.48,987.8,24.1,76.29,181.97,0.05,29.7,49.51
10/9/2017,99.01,39.12,18.62,60.1,4.1,21.28,41.52,992.31,24.1,76.29,179.38,0.08,29.6,49.9
10/6/2017,98.25,38.59,18.78,59.23,4.05,21.35,41.1,993.64,24.15,76,178.55,0.08,29.35,49.9
10/5/2017,98.36,38.22,18.64,58.79,4,21.41,41.05,985.19,24.25,75.97,187.35,0.08,28.45,48.94
10/4/2017,98.13,38.43,18.81,59.05,4.05,21.35,41.2,966.78,24.15,74.69,188.78,0.07,28.55,49.48
10/3/2017,97.38,38.21,18.86,58.85,4,21.26,40.97,972.08,24.9,74.26,185.51,0.07,28.65,49.34
10/2/2017,96.93,37.42,19.01,57.72,4,21.29,41.3,967.47,23.4,74.61,185.68,0.07,28.6,48.09
9/29/2017,98.55,37.1,19.24,58.23,4,21.32,40.07,973.72,21,74.49,184.62,0.07,27.9,47.86
9/28/2017,99.58,36.32,19.23,58.15,4.05,21.94,39.7,964.81,21.2,73.87,182.35,0.05,27.2,47.18
9/27/2017,99.57,36.55,19.28,60.51,4.05,21.48,38.99,959.9,20.95,73.85,182.63,0.05,28.45,47.25
9/26/2017,100.07,36.26,19.38,58.82,4.1,21.2,38.16,937.43,21.3,73.26,183.64,0.05,28.7,46.79
9/25/2017,100.11,35.74,19.51,58,4.1,21,38.53,934.28,20.9,73.26,185.15,0.05,28.35,46.3
9/22/2017,100.55,35.59,19.34,59.42,3.95,20.8,38.34,943.26,21.05,74.41,181.74,0.05,28.5,46.11
9/21/2017,100.79,35.6,19.36,60.5,4.05,21.25,38.45,947.55,20.5,74.21,176.42,0.1,28.4,46.2
9/20/2017,99.86,36.57,19.56,61.98,4,21.34,37.79,947.54,21.15,74.94,179,0.05,29.6,46.91
9/19/2017,98.57,37.09,19.54,63.64,4.05,21.86,37.93,936.86,21.15,75.44,179.25,0.05,29.7,47.36
9/18/2017,98.05,37.48,19.54,64.34,4.05,21.62,39,929.75,21.2,75.16,174.52,0.05,30.35,47.92
9/15/2017,99.24,37.48,19.48,64.34,4.05,22.16,38.85,935.29,21.45,75.31,174.74,0.05,30.35,47.92
9/14/2017,98.63,37.46,19.14,64.06,3.85,22.16,38.85,940.13,21.75,74.77,174.74,0.05,30.25,47.97
9/13/2017,99.57,37.67,19.07,64.51,3.95,22.21,39,950.44,21.7,75.21,174.71,0.06,31.45,48.12
9/12/2017,98.6,37.85,19.02,63.27,4.05,22.19,38.75,946.65,22.5,74.68,174.69,0.05,29.6,48.51
9/11/2017,98.89,37.94,18.91,63.75,4.05,22.45,38.82,943.29,22.75,74.76,168.81,0.05,29.8,48.61
9/8/2017,99.21,37.99,18.87,63.89,4.05,22.81,37.84,941.41,22.7,73.98,167.12,0.05,30.1,48.68
9/7/2017,98.43,37.68,18.91,63.98,4.1,22.66,37.07,949.89,23.1,74.34,165.95,0.05,30.25,48.31
9/6/2017,98.1,37.92,18.83,64.72,4.1,22.52,37.6,942.02,22.65,73.4,168.13,0.05,29.35,48.28
9/5/2017,98.52,37.98,18.89,65.65,4,22.49,37.75,941.48,22.65,73.61,169.06,0.04,29.95,48.35
9/4/2017,97.9,37.58,18.94,65.01,4.05,22.49,38.69,951.99,23.1,73.94,169.34,0.04,29.25,48.14
9/1/2017,98.82,37.37,18.94,64.8,4.05,22.34,38.69,951.99,23.2,73.94,166.76,0.04,29.7,47.69
8/31/2017,97.89,37.6,19.1,65.69,4.15,22.49,38.89,955.24,22.9,74.77,166.54,0.05,29.75,47.89
8/30/2017,97.09,38.23,19.02,66.52,4,22.24,38.49,943.63,23.15,74.01,166.09,0.05,29.8,48.41
8/29/2017,97.07,38.16,18.89,66.7,3.9,22.6,38.49,935.75,23.1,73.05,169.98,0.05,29.2,48.48
8/28/2017,97.06,38.5,19.03,66.28,4,22.76,38.81,928.13,22.9,72.83,168.5,0.05,30.15,48.78
8/25/2017,101.5,38.1,18.96,66.71,4.35,22.9,39.48,930.5,22.9,72.82,171,0.05,31.35,48.06
8/24/2017,101.6,38.19,18.89,66.19,4.35,22.91,39.48,936.89,22,72.69,171.4,0.05,30.7,48.02
8/23/2017,101.5,38.36,19.01,65.35,4.95,23,39.22,942.58,22.15,72.72,169.14,0.1,31.1,48.22
8/22/2017,101.5,38.36,19.05,65.7,4.95,23.6,39.23,940.4,22.05,73.16,175.78,0.1,31.75,48.6
8/21/2017,101.2,38.52,19.08,64.52,4.6,24.3,38.91,920.87,21,72.15,178.36,0.1,31.5,48.86
8/18/2017,102.87,38.43,19.07,63.62,4.35,24.25,39.56,926.18,20.75,72.49,181.33,0.1,31.4,48.91
8/17/2017,102.57,38.28,19.04,64.83,4.6,23.73,42.26,927.66,20.1,72.4,180.27,0.1,31.9,48.61
8/16/2017,102.56,38.27,19.24,64.81,5.05,24.74,42.9,944.27,19.9,73.65,179.23,0.1,34.9,48.21
8/15/2017,102.41,38.88,19.32,66.08,5.25,25.01,42.45,938.08,19.05,73.22,180.74,0.1,36.8,48.89
8/14/2017,101.52,39,19.51,65.83,5.07,24.38,43.68,938.93,19.1,73.59,182.03,0.1,36.05,48.4
8/11/2017,101.5,39,19.41,67.43,5.25,24.6,42.96,930.09,19.75,72.5,181.66,0.1,36.75,47.94
8/10/2017,102.77,39.41,19.53,67.56,5.2,26.8,42.92,923.59,19.5,71.41,184.04,0.1,36.4,47.81
8/9/2017,101.17,38.03,19.84,66.62,5.2,26.39,43.37,940.08,19.55,72.47,182.68,0.1,36.35,44.4
8/8/2017,100.7,36.22,20.79,66.08,5.2,26.58,43.22,944.19,19.55,72.79,189.08,0.1,35.2,43.98
8/7/2017,101.38,36.23,20.84,66.26,5.15,25.93,43.42,945.75,18.65,72.4,186.97,0.1,34.8,43.71
8/4/2017,102.2,36.51,20.91,65.83,5.05,26.49,43.73,945.79,18.5,72.68,187.91,0.11,34.5,44.23
8/3/2017,101.51,36.52,20.77,65.86,5.15,26.55,43.47,940.3,18.25,72.15,188.54,0.11,34.5,44.22
8/2/2017,101.4,36.13,20.91,64.98,5.15,26.6,43.44,947.64,18.8,72.26,183.6,0.11,33.75,43.45
8/1/2017,101.99,35.99,21.07,64.2,4.8,27.18,46.24,946.56,18.8,72.58,183.86,0.11,33.3,43.36
7/31/2017,101.35,36.39,20.89,64.6,4.4,26.05,45.97,945.5,18.35,72.7,183.6,0.11,33.65,43.66
7/28/2017,102.83,36.3,20.64,63.95,4.3,26.4,45.73,958.33,17.7,73.04,161.7,0.11,33.7,43.56
7/27/2017,106.98,36.21,20.84,63.09,4.2,26.22,45.25,952.51,18.05,73.16,161.12,0.11,33.1,43.49
7/26/2017,106.35,36.83,20.56,63.37,4.3,26.16,47.34,965.31,18.05,74.05,158.21,0.11,32.9,43.22
7/25/2017,107.69,36.6,20.25,63.77,4.35,26.17,46.61,969.03,18.25,74.19,158.75,0.11,33.1,42.89
7/24/2017,109.12,36.83,20.14,63.7,4.4,26.2,45.69,998.31,18.75,73.6,154.33,0.11,32.85,43.2
7/21/2017,108.67,36.98,20.23,62.81,4.44,26.25,45.35,993.84,18.4,73.79,152.67,0.11,32.85,43.48
7/20/2017,110.61,37.18,20.35,62.07,4.4,25.82,44.51,992.19,18.55,74.22,150.18,0.11,32.5,43.52
7/19/2017,109.93,38.12,20.05,63.27,4.35,25.78,44.29,992.77,18.85,73.86,146.25,0.11,32.5,44.65
7/18/2017,109.96,38.11,20.06,64.16,4.4,26.08,43.08,986.95,19,73.3,147.61,0.11,32.8,45
7/17/2017,110,38.11,19.89,64.16,4.4,26.2,42.79,975.96,19.6,73.35,146.17,0.11,32.8,45
7/14/2017,106.94,37.73,19.88,63.78,4.85,26.2,43.18,976.91,19.85,72.78,146.17,0.12,32.9,44.66
7/13/2017,106.42,37.62,19.74,63.55,4.75,25.83,41.45,968.85,20.65,71.77,149.41,0.12,33.5,44.41
7/12/2017,107,37.94,18.99,65.15,4.75,26,41.59,967.66,20.45,71.15,150.09,0.12,33.75,44.84
7/11/2017,107.09,37.7,18.78,64.02,4.6,26.14,41.05,953.53,20.45,69.99,153.41,0.12,32.95,44.84
7/10/2017,107.36,38.15,18.82,64.36,4.2,26.13,40.3,951,20.3,69.98,151.03,0.12,33.83,45.75
7/7/2017,106.82,37.95,18.82,63.61,4,26.2,40.85,940.81,20.3,69.46,157.5,0.12,33.4,45.39
7/6/2017,105.75,38.1,18.83,62.55,4,25.79,42.81,927.69,22.05,68.57,158.02,0.12,32.65,45.42
7/5/2017,104.79,38.15,18.96,62.53,3.9,25.52,43.23,932.26,21.4,69.08,154.89,0.12,33.1,45.41
7/4/2017,105.09,38.66,19.14,60.66,3.97,25.58,42.51,919.46,21.95,68.17,155.03,0.12,33.05,45.94
7/3/2017,104.29,38.91,19.14,62.24,4.1,25.51,42.51,919.46,21.1,68.17,152.05,0.12,34.8,46.57
6/30/2017,104.38,38.96,19.41,62.23,4.25,26.43,43.44,929.68,21.85,68.93,153.4,0.15,35.1,46.63
6/29/2017,103.84,38.84,19.24,61.51,3.9,26.52,42.94,937.82,21.7,68.49,152.38,0.12,36.15,46.64
6/28/2017,103.59,38.72,19.26,60.74,3.85,26.41,43.15,961.01,21.5,69.8,151.76,0.12,34.85,46.69
6/27/2017,103.32,38.68,18.77,61.85,3.8,26.27,42.39,948.09,21.25,69.21,152.2,0.12,35.15,46.46
6/26/2017,103.35,39.07,18.62,62.65,3.9,26.44,43.71,972.09,21.2,70.53,152.72,0.12,34.6,47.19
6/23/2017,105.63,38.79,18.49,60.71,3.8,26.59,43.21,986.09,20.65,71.21,151.44,0.12,34.25,46.72
6/22/2017,107.46,38.5,18.15,60.35,4,26.1,43.25,976.62,20.5,70.26,158.03,0.12,34.1,46.19
6/21/2017,107.46,38.76,18.15,61.17,3.95,26.07,43.29,978.59,20.3,70.27,165.88,0.12,34.75,46.5
6/20/2017,106.25,38.73,18.27,60.87,4,26.41,42.99,968.99,21.5,69.91,165.61,0.12,33.65,46.44
6/19/2017,105.71,38.81,18.67,60.34,4.15,26.16,42.54,975.22,21.75,70.87,165.17,0.2,33.85,46.37
6/16/2017,106.86,38.87,18.92,61.3,3.95,26.21,41.63,958.62,21.2,70,165.06,0.2,33.8,46.44
6/15/2017,105.41,38.87,19.03,61.73,3.95,26.49,42.03,960.18,22.35,69.9,165.18,0.13,33.6,46.51
6/14/2017,105.57,38.53,19.31,61.11,3.85,26.74,42.16,967.93,22,70.27,162.99,0.13,32.4,46.64
6/13/2017,104.36,38.55,19.25,61.52,3.7,26.5,42.3,970.5,21.55,70.65,163.07,0.13,32.75,46.2
6/12/2017,104.22,38.12,19.24,61.57,3.6,26.2,42.32,961.81,21.15,69.78,163.22,0.14,33.55,45.32
6/9/2017,104.8,38.12,19,61.57,3.6,25.87,43.33,970.12,21.65,70.32,162.43,0.14,33.55,45.32
6/8/2017,103.94,38.23,19.76,61.6,3.55,25.87,43.94,1004.28,22.3,71.95,162.43,0.14,33.35,45.31
6/7/2017,105.37,38.15,19.86,61.61,3.8,25.6,42.76,1001.59,22.3,72.39,163.05,0.14,34.25,45.04
6/6/2017,105.51,38.31,19.71,61.47,3.65,25.46,42.81,996.68,22,72.52,157.75,0.14,34,45.48
6/5/2017,105.98,38.25,19.99,62.05,3.8,25.63,41.23,1003.88,23.1,72.28,157.95,0.14,33.6,45.48
6/2/2017,106.14,38.24,19.84,61.66,3.8,26.21,41.38,996.12,23.2,71.76,157.16,0.14,33.1,45.42
6/1/2017,106.56,37.95,19.85,60.38,4.05,25.87,40.98,988.29,23.15,70.1,157.02,0.14,32.3,45.04
5/31/2017,107.04,37.46,19.97,60.38,3.85,25.18,39.16,987.09,23.45,69.84,155.7,0.14,32.5,44.48
5/30/2017,105.62,38.19,20.09,61.2,4.1,25.11,38.69,996.17,23.3,70.41,153.2,0.16,33.6,45.31
5/29/2017,104.32,38.59,20.23,62.08,4.25,25.58,39.86,993.27,23.05,69.96,159.41,0.16,34.2,45.38
5/26/2017,105.92,38.49,20.23,62.2,4.35,26.01,39.86,993.27,24.2,69.96,160.02,0.2,34.9,45.84
5/25/2017,105.5,38.44,20.44,62.75,4.55,26.07,39.6,991.86,24.5,69.62,160.81,0.2,34.95,46.02
5/24/2017,106.52,38.45,20.42,62.53,4.65,26.33,38.21,977.61,25.05,68.77,158.54,0.2,34.15,46.38
5/23/2017,107.18,38.22,20.71,63.56,4.6,26.11,37,970.55,25.2,68.68,160.28,0.2,35.35,46.42
5/22/2017,108.21,38.57,20.69,63.37,4.85,26.66,37.3,964.07,25,68.45,157.46,0.2,36.13,46.63
5/19/2017,107.94,38.56,20.55,65.2,4.8,27.25,38.9,954.65,25.1,67.69,156.38,0.2,36.95,46.69
5/18/2017,108.34,38.01,20.26,63.85,5,27.09,37.27,950.5,25.25,67.71,156.6,0.17,36.75,45.88
5/17/2017,108.41,38.4,20.19,63.46,5.1,26.63,37.75,942.17,24,67.48,157.25,0.19,37.35,46.15
5/16/2017,108.41,38.95,20.31,65.66,5.15,26.78,38.31,964.61,24.1,69.41,155.59,0.19,38.35,45.91
5/15/2017,107.27,39.1,19.87,66.65,5.15,27.96,37.49,959.22,24.15,68.43,156.45,0.19,38.4,45.88
5/12/2017,107.71,39.63,19.94,66.56,5.15,27.98,36.99,955.14,24.25,68.38,155.35,0.19,39.45,45.91
5/11/2017,107.02,39.91,19.5,66.34,5.4,28.78,37.03,955.89,25.15,68.46,152.2,0.15,40.35,46.67
5/10/2017,107.63,40.44,20.45,66.91,5.55,29.39,37.44,954.84,25.85,69.31,153.08,0.15,40.35,47.36
5/9/2017,107.52,39.94,20.09,66.41,5.7,29.39,37.35,956.71,26.4,69.04,150.17,0.15,39.3,46.7
5/8/2017,106.68,40.02,20.14,65.95,5.8,29.29,37.04,958.69,26,68.94,152.16,0.15,39.45,47.05
5/5/2017,106.31,39.93,20.35,66.84,5.85,29.4,37.41,950.28,25.05,69,143.83,0.15,39.9,47.25
5/4/2017,107.98,40.36,19.96,68.67,5.9,29.16,37.14,954.72,25.65,68.81,142.87,0.15,40.35,48.41
5/3/2017,109.13,40.25,19.65,68.57,6,29.32,37.14,948.45,27,69.08,141.18,0.15,40.4,48.94
5/2/2017,109.69,40.25,19.84,68.39,5.95,28.92,37.29,937.09,27,69.3,139.76,0.15,39.2,49.22
5/1/2017,109.58,40.3,19.84,67.18,6.15,28.61,37.53,932.82,25.8,69.41,143.36,0.14,38.95,48.81
4/28/2017,109.66,40.28,19.91,66.46,6.05,28.5,37.89,924.52,25.6,68.46,147.25,0.14,38.85,48.62
4/27/2017,112.07,40.28,20.05,66.46,6.05,28.29,37.04,891.44,26.5,68.27,142.92,0.17,38.85,48.62
4/26/2017,111.42,40.56,20.02,67.16,6,28.29,36.53,889.14,27,67.83,142.92,0.17,39.2,48.92
4/25/2017,111.99,40.31,20.25,68.03,6,28.69,35.55,888.84,27.1,67.92,143.83,0.17,39.55,48.7
4/24/2017,111.17,40.38,20.24,68.22,6,29.04,35.44,878.93,27.1,67.53,144.35,0.17,39.65,48.54
4/21/2017,111.62,40.59,20.05,68.67,6,29.19,34.96,858.95,27.1,66.4,143.85,0.17,39.85,48.66
4/20/2017,114.37,40.6,20.12,68.88,6,29.21,35.08,860.08,27.6,65.5,143.11,0.17,40.25,48.43
4/19/2017,114.73,41.51,20.02,69.51,6,29.3,35.09,856.51,27.9,65.04,143.74,0.17,40.35,49.02
4/18/2017,115.6,41.69,20.02,69.2,5.8,29.36,34.17,853.99,29.1,65.39,143.62,0.14,40.5,49.31
4/17/2017,115.84,41.57,19.88,68.86,6,29.27,34.09,855.13,29.85,65.48,145.5,0.14,40,49.18
4/14/2017,115.58,41.55,19.7,69.36,6.05,28.93,33.83,840.18,30.35,64.95,146.92,0.15,40.5,48.75
4/13/2017,115.18,41.76,19.7,69.34,6.05,29.09,33.83,840.18,30.5,64.95,147.81,0.2,40.95,49.06
4/12/2017,113.7,41.45,19.91,68.25,6.2,28.7,33.95,841.46,30.4,65.23,148.06,0.2,39.95,49.13
4/11/2017,114.44,41.56,19.74,67.77,6.1,28.06,33.98,839.88,30.65,65.48,146.47,0.25,39.85,49.3
4/10/2017,114.79,41.49,19.69,67.49,5.85,27.68,33.83,841.7,30.45,65.53,145.17,0.25,40.25,49.14
4/7/2017,113.73,41.68,19.42,66.9,6.01,27.63,33.99,842.1,30.85,65.68,144.06,0.25,39.55,49.68
4/6/2017,114.19,41.65,19.68,66.73,5.95,27.54,34.07,845.1,30.95,65.73,142.02,0.25,39.7,49.64
4/5/2017,113.78,41.65,19.68,66.12,5.75,27.67,34.62,848.91,30.8,65.56,141.84,0.14,39.25,49.71
4/4/2017,113.2,42.08,19.71,65.97,5.85,27.54,35.65,852.57,30.5,65.73,142.65,0.21,39.15,50.16
4/3/2017,113.2,42.42,19.91,66.91,5.8,27.44,36.09,856.75,30.75,65.55,142.42,0.11,39.9,50.24
3/31/2017,113.04,42.61,20.09,66.95,5.6,27.73,36.4,847.8,31.2,65.86,145.83,0.11,39.9,50.39
3/30/2017,113.07,42.44,19.88,67.3,6,28.01,36.4,849.48,31.15,65.71,145.11,0.11,40.45,50.04
3/29/2017,112.43,42.59,20.2,68.18,5.95,28.15,36.4,849.87,31.15,65.47,144.39,0.11,40.45,50.14
3/28/2017,112.58,42.09,20.24,68.01,5.8,28,36.8,840.63,31.9,65.29,145.25,0.11,41.15,49.36
3/27/2017,113.05,42.37,20.48,67.91,5.75,27.46,36.21,838.51,32.1,65.1,143.19,0.11,41.25,49.47
3/24/2017,113,42.35,20.36,67.41,5.85,27.5,36.11,835.14,32.2,64.98,143.52,0.12,41.25,49.35
3/23/2017,113.04,41.94,20.71,67.7,5.8,27.69,35.31,839.65,32.2,64.87,140.89,0.12,42.9,49.28
3/22/2017,113.2,41.77,20.73,68.01,5.95,27.86,34.91,849.8,32.65,65.03,140.53,0.12,41.6,49.16
3/21/2017,113.39,41.88,20.4,67.94,5.95,27.98,34.66,850.14,31.9,64.21,140.32,0.2,42.3,49.44
3/20/2017,113.18,41.96,20.62,67.99,6,27.75,35.77,867.91,31.9,64.93,141.43,0.2,42.7,50.03
3/17/2017,112.53,42.01,20.8,68.24,5.55,27.78,35.78,872.37,31.65,64.87,141.94,0.23,41.3,50.09
3/16/2017,113.05,42.07,20.49,67.15,6.05,27.89,35.89,870,32.25,64.64,139.14,0.23,40.9,49.98
3/15/2017,112.38,42.04,20.51,67.26,4.95,28.49,36.07,868.39,32.05,64.75,139.53,0.23,41.8,49.81
3/14/2017,112.14,41.79,20.3,65.92,4.8,28.52,36.19,865.91,31.95,64.41,142.65,0.23,39.9,49.63
3/13/2017,112.24,41.82,20.28,66.23,4.75,28.76,36.59,864.58,32.6,64.71,142.13,0.31,39.95,49.94
3/10/2017,112.08,42.36,20.88,66.97,4.65,29.05,36.76,861.41,32.85,64.93,143.41,0.31,40.3,50.6
3/9/2017,111.75,41.95,20.12,66.31,5.25,29.27,36.62,857.84,33.55,64.73,143.25,0.31,39.8,50.31
3/8/2017,112.71,41.59,20.02,67.12,5.3,29.5,36.3,853.64,33.6,64.99,142.78,0.31,38.55,49.67
3/7/2017,111.76,41.73,20.24,67.46,5.2,29.51,35.54,851.15,34,64.4,143.86,0.31,36.9,49.43
3/6/2017,111.71,41.48,20.42,65.69,5.2,29.62,36.15,847.27,34.05,64.27,142.6,0.3,36.5,49.19
3/3/2017,111.87,41.48,20.47,65.69,5.2,28.68,36.4,849.08,33.8,64.25,142.22,0.3,36.5,49.19
3/2/2017,112.31,41.25,20.53,65.42,5.3,28.68,36.74,849.85,34,64.01,142.22,0.27,36.3,48.46
3/1/2017,111.52,41.12,20.2,65.24,5.35,28.57,37.31,856.75,34.1,64.94,142.01,0.27,36.1,48.08
2/28/2017,110.92,40.75,20.28,65.33,5.3,28.49,36.3,844.93,33.95,63.98,142.27,0.27,35.7,48.27
2/27/2017,111.03,40.65,20.64,65.3,5.05,28.53,36.96,849.67,33.9,64.23,140.82,0.31,35.7,48.55
2/24/2017,110.84,41.38,20.82,64.4,4.9,29.03,37.15,847.81,33.3,64.62,143.2,0.31,35.85,48.98
2/23/2017,110.86,41.31,20.81,64.38,4.7,28.48,37.04,851,33.15,64.62,144.82,0.31,34.9,48.81
2/22/2017,110.67,41.21,20.47,63.51,4.6,27.96,36.49,851.36,34.25,64.36,144.14,0.31,33.65,48.37
2/21/2017,111.24,41.12,20.15,64.47,4.75,27.53,35.63,849.27,33.65,64.49,144.74,0.32,33.8,48.04
2/20/2017,110.59,41.06,19.83,64.67,4.8,27.99,34.52,846.55,32.8,64.62,144,0.32,33.8,48.03
2/17/2017,111.04,41.25,19.83,64.15,4.9,27.97,34.52,846.55,32.9,64.62,140.97,0.32,33.8,48.58
2/16/2017,110.09,41.18,19.68,64.14,4.95,28.09,35.96,842.17,33.1,64.52,140.25,0.32,33.35,48.28
2/15/2017,110.23,42.06,19.49,64.6,4.9,27.79,35.51,837.32,33.25,64.53,139.2,0.32,34.05,48.39
2/14/2017,110.32,42.16,19.3,64.49,4.95,28.04,34.78,840.03,33.15,64.57,140.78,0.32,33.75,49.01
2/13/2017,109.73,41.82,19.29,64.4,4.9,28.35,34.57,838.96,32.85,64.72,140.71,0.32,33.65,49.37
2/10/2017,110.12,42.01,19.32,64.74,4.9,27.98,34.66,834.85,32.45,64,141.22,0.38,33.7,49.6
2/9/2017,110.01,41.77,19.41,64.16,4.8,28.06,33.66,830.06,32.45,64.06,142.45,0.35,33.9,49.12
2/8/2017,110.06,41.39,19.63,63,4.9,27.9,33.31,829.88,32.3,63.34,138.96,0.35,33.3,49.77
2/7/2017,110.06,41.36,19.41,62.98,4.75,27.58,33.31,829.23,32.5,63.43,139.52,0.32,32.05,50.12
2/6/2017,110.71,42,19.31,63.26,4.8,28.49,33.21,821.62,32.6,63.64,140.11,0.32,32.05,52.41
2/3/2017,110.18,41.45,19.36,63.49,4.8,28.27,33.43,820.13,32.65,63.68,137.39,0.32,32.25,52.72
2/2/2017,110.33,41,19.33,62.63,4.85,27.89,32.3,818.26,32.35,63.17,138.6,0.32,31.5,52.36
2/1/2017,109.65,40.8,19.58,63.49,4.75,28,32.77,815.24,32.35,63.58,138.41,0.35,31.35,52.25
1/31/2017,109.26,41.11,19.36,62.26,4.9,28.01,33.15,820.19,32.75,64.65,133.26,0.35,30.8,52.74
1/30/2017,109.49,40.96,19.33,62.32,4.85,27.81,33.86,823.83,31.15,65.13,132.89,0.35,32.3,52.55
1/27/2017,109,40.96,19.43,62.32,4.85,27.4,34.02,845.03,30.75,65.78,133.7,0.35,32.3,52.55
1/26/2017,109,41.01,19.35,62.36,4.9,27.4,35.08,856.98,30.9,64.27,133.7,0.35,33.1,52.68
1/25/2017,109.57,40.61,19.59,62.98,4.95,27.2,35.3,858.45,31.45,63.68,129.18,0.35,33.6,52.46
1/24/2017,110.3,40.81,19.38,62.69,5,26.51,34.33,849.53,31.45,63.52,130.5,0.35,32.35,52.76
1/23/2017,110.61,40.8,24.43,63.48,4.85,26.34,34.06,844.43,31.3,62.96,129.89,0.35,32.5,52.68
1/20/2017,111.3,41.32,24.3,64.29,4.85,26.87,34.69,828.17,33,62.74,130.95,0.34,33.3,53.26
1/19/2017,110.65,42.65,23.74,65.48,4.9,27.48,34.86,824.37,32.8,62.3,131.07,0.34,34,54.64
1/18/2017,110.94,42.77,23.74,65.74,4.95,27.2,34.9,829.02,33.3,62.5,131.81,0.39,34.7,54.52
1/17/2017,109.3,43.02,24.22,64.39,4.95,28.29,34.49,827.46,32.7,62.53,129.41,0.39,33.85,54.58
1/16/2017,108.06,42.53,24.19,63.62,5.05,27.96,34.51,830.94,32.9,62.7,127.49,0.39,33.35,53.38
1/13/2017,108.04,42.53,24.19,63.62,5.05,27.41,34.51,830.94,32.8,62.7,123.8,0.38,33.35,53.38
1/12/2017,107.9,42.66,24.24,64.5,4.95,27.41,32.92,829.53,32.15,62.61,123.8,0.33,33.4,53.74
1/11/2017,107.12,42.52,24.57,64.5,4.95,27.69,30.96,829.86,31.6,63.19,125.33,0.33,33.6,53.44
1/10/2017,107.66,42.65,23.94,64.85,4.95,27.89,31.41,826.01,31.8,62.62,125.89,0.49,34.1,53.64
1/9/2017,107.28,42.73,23.81,64.67,4.95,28.12,31.68,827.18,31.65,62.64,128.35,0.49,34.2,53.68
1/6/2017,108.16,42.73,24,64.67,4.95,28,32.15,825.21,31.6,62.84,125.59,0.49,34.2,53.68
1/5/2017,107.97,42.72,24.32,64.5,4.95,28,32.44,813.02,32.6,62.3,125.59,0.49,33.25,53.65
1/4/2017,108.06,42.36,23.83,64.63,5,28.13,32.92,807.77,32.45,62.3,125.58,0.39,33.15,52.97
1/3/2017,108.06,42.47,23.19,64.62,5,28.44,32.99,808.01,33.05,62.58,126.5,0.39,33.25,53.12
1/2/2017,107.53,42.12,23.03,64.34,4.9,28.49,33.35,792.45,33.25,62.14,125.12,0.39,33.05,52.91
12/30/2016,109.44,41.67,23.03,64.54,5,28.17,33.35,792.45,33.15,62.14,125.45,0.37,33.25,52.27
12/29/2016,108.38,41.5,23.06,64.03,4.95,28.39,32.71,802.88,32.5,62.9,124.22,0.37,32.4,51.81
12/28/2016,108.36,41.1,22.58,63.64,5.15,28.85,32.36,804.57,31.85,62.99,125,0.37,31.9,51.63
12/27/2016,108.98,41.36,23.14,63.06,5.15,28.68,32.91,809.93,31.95,63.28,123.44,0.37,31.55,52.36
12/26/2016,107.38,41.12,23.19,62.18,5.1,28.77,32.58,807.8,31.65,63.24,123.78,0.37,31.9,51.76
12/23/2016,107.44,40.38,23.19,62.56,5.55,28.58,32.58,807.8,31.45,63.24,122.83,0.37,33.9,51.49
12/22/2016,106.08,40.41,23.18,63.58,5.6,29.1,32.61,809.68,31.7,63.55,122.88,0.37,34.55,51.13
12/21/2016,104.22,40.45,23.26,63.44,5.6,29.55,33.45,812.2,33,63.54,123.24,0.37,33.5,51.38
12/20/2016,104.22,39.35,23.19,61.15,5.6,28.8,33.79,815.2,33,63.54,125.39,0.37,33,50.36
12/19/2016,104.56,38.63,23.35,60.99,5.5,27.79,33.64,812.5,32.85,63.62,124.57,0.37,32.4,49.75
12/16/2016,104.3,38.61,23.27,60.18,5.65,27.39,33.62,809.84,33,62.3,119.16,0.37,32.55,49.81
12/15/2016,105.17,38.88,22.94,60.57,5.65,26.6,33.74,815.65,32.15,62.58,120.81,0.37,32.5,49.87
12/14/2016,105.15,38.63,23.2,60.72,5.45,27.15,33.56,817.89,32.05,62.68,117.22,0.36,32.55,49.9
12/13/2016,105.15,39.48,23.22,61,5.5,27.09,33.5,815.34,32.05,62.98,117,0.36,32.35,50.96
12/12/2016,105.42,39.54,22.34,60.49,5.65,27.65,32.83,807.9,32.05,62.17,117.51,0.39,31.8,51.12
12/9/2016,105.56,39.21,22.58,60.92,5.65,27.22,33.33,809.45,31.95,61.97,116.93,0.39,32.35,50.67
12/8/2016,105.46,38.73,22.86,60.01,6.25,27.54,33.37,795.17,31.9,61.01,117.41,0.31,31.95,50.23
12/7/2016,105.3,38.73,23.03,60.01,6.25,27.35,32.49,791.47,31.4,61.37,117.69,0.31,31.95,50.23
12/6/2016,103.91,38.55,22.7,60.93,5.95,27.35,32.45,776.18,31.4,59.95,117.69,0.32,31.75,49.49
12/5/2016,104.39,37.74,22.69,60.29,5.7,27.46,32.89,778.22,31.55,60.22,118.04,0.32,31.35,48.31
12/2/2016,104.05,37.56,22.97,60,5.8,27.55,33,764.46,31.05,59.25,117.96,0.31,32.2,48.07
12/1/2016,103.85,37.41,22.46,60.07,5.65,27.5,33.2,764.33,31.8,59.2,115.21,0.44,31.95,47.84
11/30/2016,104.06,37.15,22.53,59.38,5.6,28.03,34.26,775.88,31.1,60.26,115.03,0.44,31.7,47.93
11/29/2016,104.86,36.77,22.43,59.21,5.6,27.63,35.39,789.44,31.1,61.09,115.19,0.44,31.2,47.37
11/28/2016,103.38,36.13,22.13,58.86,5.45,27.8,36.35,785.79,30.75,60.61,113.59,0.5,31,46.18
11/25/2016,101.99,36.51,22.7,57.74,5.5,28.35,36.32,780.23,31.2,60.53,113.38,0.5,29.6,46.69
11/24/2016,100.66,36.57,22.74,57.15,5.8,26.44,36.4,779,31.1,60.4,114.78,0.5,27.6,46.69
11/23/2016,99.96,37.44,22.74,57.42,5.6,26.03,36.4,779,31.15,60.4,115.42,0.5,26.8,47.86
11/22/2016,98.5,36.99,23.13,57.73,5.8,25.9,37.58,785,30.9,61.12,122.19,0.5,26.2,47.65
11/21/2016,98.94,36.81,22.94,57.62,5.8,25.85,37.74,784.8,31.35,60.86,124.34,0.5,26.2,47.46
11/18/2016,99.12,36.5,22.75,57.01,5.7,25.55,38.43,775.97,31.6,60.35,124.58,0.35,25.6,47.08
11/17/2016,99.67,36.63,23.52,55.5,5.7,25.64,38.96,786.16,31.8,60.64,122.03,0.35,25.5,46.87
11/16/2016,98.97,36.37,22.94,55.15,5.6,25.78,38.8,779.98,32.1,59.65,122.14,0.35,24.85,46.94
11/15/2016,98.82,36.56,23.1,55.83,5.85,25.2,40.52,775.16,32.55,58.87,122.34,0.41,25.03,47.66
11/14/2016,98.26,36.79,22.72,56.62,5.75,25.79,45.49,753.22,32.45,58.12,123.3,0.41,25.1,48.1
11/11/2016,98.26,36.51,23.01,56.54,5.75,26.11,44.51,771.75,32.05,59.02,124.87,0.41,25,48.21
11/10/2016,97.71,36.52,22.05,56.41,5.8,25.85,43.37,780.29,31.25,58.7,126.57,0.41,24.8,48.54
11/9/2016,97.63,36.43,22.82,56.78,5.75,26.16,44.08,805.59,31.15,60.17,126.47,0.41,25.85,47.63
11/8/2016,98.24,36.7,22.73,55.99,5.8,26.44,43.01,811.98,31.05,60.47,126.97,0.41,25.9,47.84
11/7/2016,99.37,36.86,22.6,56.35,5.75,26.18,43.17,802.03,31.05,60.42,126.51,0.41,26.35,48.21
11/4/2016,99.12,37.49,22.67,57.66,5.75,26.62,41.79,781.1,31.95,58.71,127.33,0.41,26.35,48.2
11/3/2016,97.7,38.65,23.23,56.49,5.85,26.64,41.9,782.19,31.55,59.21,127.5,0.41,26.3,49.14
11/2/2016,97.92,39.38,23.03,55.53,6,25.71,41.36,788.42,32.05,59.43,123.35,0.41,26.6,50.38
11/1/2016,97.68,39.36,22.84,55.1,5.85,25.61,42.77,805.48,34.5,59.8,121.87,0.41,26.5,50.27
10/31/2016,94.96,39.27,23.14,55.39,5.8,25.21,43.5,809.9,34.1,59.92,118.79,0.41,26.2,50.43
10/28/2016,94.64,39.22,23.1,55.11,5.75,25.29,43.7,819.56,34.1,59.87,99.8,0.41,25.86,50.28
10/27/2016,94.38,39.37,23.25,55.24,5.7,25.34,44.03,817.35,34.15,60.1,101.47,0.41,26.26,50.29
10/26/2016,94.43,39.33,23.82,55.15,5.95,25.68,45.47,822.1,34.8,60.63,100.23,0.41,27.08,50.3
10/25/2016,92.45,39.1,23.86,55.45,5.75,26.17,46.39,828.55,34.5,60.99,99.5,0.41,27.51,49.9
10/24/2016,93.37,39.01,23.34,55.73,5.8,26.4,47.13,835.74,34.3,61,100.59,0.38,27.71,50.19
10/21/2016,91.91,38.87,23.51,55.22,6,27.04,44.25,824.06,33.7,59.66,103.33,0.38,28.46,49.92
10/20/2016,92.39,39.11,23.4,56.21,5.96,27.17,44.27,821.63,33,57.25,104.82,0.3,28.5,50.26
10/19/2016,92.69,39.16,23.58,56.41,6.02,27.84,44.76,827.09,32.75,57.53,105.07,0.3,28.47,50.27
10/18/2016,93.85,39.9,23.85,55.55,5.99,27.69,44.34,821.49,32.55,57.66,106.28,0.3,28.43,51.26
10/17/2016,94.02,40.77,23.33,54.93,6.05,27.4,43.66,806.84,32.4,57.22,102.34,0.3,28.68,51.88
10/14/2016,93.49,40.61,23.06,54.74,5.84,27.39,43.69,804.6,32.15,57.42,102.63,0.3,28.88,51.98
10/13/2016,92.75,40.73,22.88,54.57,5.99,26.92,43.5,804.08,31.45,56.92,98.55,0.3,28.39,52.12
10/12/2016,93.37,40.85,22.99,54.15,5.99,26.81,43.98,811.77,31.5,57.11,96.67,0.3,28.52,52.06
10/11/2016,93.03,41.46,22.94,52.05,6.05,26.8,43.92,809.57,31.05,57.19,97.48,0.3,28.05,52.49
10/10/2016,92.03,41.14,23.3,51.13,5.96,26.37,44.87,814.17,30.15,58.04,97.07,0.51,27.65,52.15
10/7/2016,91.93,41.28,23.2,50.91,6.1,26.16,43.99,800.71,29.85,57.8,94.56,0.75,27.3,52.56
10/6/2016,91.17,41.11,23.87,50.07,6.1,26.09,43.98,803.08,29.75,57.74,95.94,0.75,26.26,52.35
10/5/2016,90.83,40.57,24.56,50.08,6.07,25.71,44.26,801.23,30.25,57.64,95.83,0.75,25.91,51.87
10/4/2016,91.3,39.96,24.85,49.97,5.99,24.53,43.14,802.79,30.34,57.24,94.88,0.75,25.99,51.27
10/3/2016,91.12,40.06,24.89,51.08,6.15,24.27,42.34,800.38,30.4,57.42,98.25,0.59,28.68,51.2
9/30/2016,91.41,40.2,25.43,51.79,6,24.55,42.12,804.06,30.88,57.6,98.06,0.59,28.73,51.88
9/29/2016,91.86,40.45,25.37,52.24,5.99,24.35,41.13,802.64,30.78,57.4,99.48,0.59,28.57,51.98
9/28/2016,92.49,39.89,25.81,52.14,5.99,24.41,41.74,810.06,31.01,58.03,97.34,0.51,28.35,51.49
9/27/2016,92.49,39.97,25.44,51.84,6.09,24.74,40.62,810.73,31.22,57.95,97.01,0.51,28.45,51.45
9/26/2016,92.83,40.71,25.44,52.76,6.75,24.73,40.4,802.65,31.73,56.9,96.09,0.6,28.74,52.57
9/23/2016,92.45,39.71,25.86,51.91,6.68,25.18,41.88,814.96,30.44,57.43,99.05,0.21,28.42,51.82
9/22/2016,92.59,41.19,26.08,53.36,6.72,24.55,41.4,815.95,30.14,57.82,96.5,0.6,29.02,53.6
9/21/2016,92.49,41.27,25.81,52.62,6.83,25.38,41.12,805.03,29.72,57.76,99.66,0.6,29.03,53.71
9/20/2016,92.86,41.23,25.36,51.75,6.81,25.07,40.12,799.78,30.17,56.81,99.15,0.6,29.2,53.51
9/19/2016,91.8,40.95,25.17,52.22,6.9,25.09,40.07,795.39,28.62,56.93,100.09,0.6,29.33,52.88
9/16/2016,92.2,40.95,25.14,52.22,6.9,25.89,40,797.97,27.95,57.25,97.38,0.6,29.33,52.88
9/15/2016,91.72,40.96,25.4,52.04,6.79,25.89,41.84,801.23,28.28,57.19,97.38,0.6,28.99,52.56
9/14/2016,91.96,40.88,24.93,51.03,6.75,25.69,40.64,790.46,29.08,56.26,97.38,0.6,28.48,52.33
9/13/2016,93.27,40.89,25.36,51.27,7,25.51,39.34,788.72,29.03,56.53,97.45,0.6,28.61,52.27
9/12/2016,93.41,41,26.12,51.46,7.25,25.59,39.58,798.82,29.24,57.05,97.45,0.6,28.62,52.5
9/9/2016,92.39,40.68,25.87,51.44,6.84,25.66,38.99,788.48,29.41,56.21,97.3,0.6,28.48,52.07
9/8/2016,92.95,41.07,26.47,51.69,6.59,25.73,39.41,802.84,29.26,57.43,97.58,0.6,28.88,52.75
9/7/2016,92.63,40.87,26.21,52.38,6.55,25.87,40.01,807.99,28.21,57.66,97.32,0.6,28.8,52.53
9/6/2016,92.56,40.85,26.72,52.8,6.66,26.11,39.95,808.02,28.97,57.61,95.18,0.6,28.62,52.63
9/5/2016,92.5,40.91,26.4,52.68,6.55,26.39,40.19,796.87,28.78,57.67,95.94,0.6,28.76,52.55
9/2/2016,92.26,41.01,26.4,51.85,6.42,26.56,40.19,796.87,29.4,57.67,95.26,0.6,29.32,52.45
9/1/2016,92.7,41.4,25.76,51.53,6.41,26.73,39.38,791.4,29.58,57.59,95.87,0.6,28.87,52.87
8/31/2016,93.64,41.86,25.72,51.75,6.52,26.84,39.05,789.85,29.4,57.46,96.16,0.6,29.32,53.17
8/30/2016,92.42,41.96,25.75,51.59,6.55,26.97,38.99,791.92,29.8,57.89,96.37,0.6,29.11,52.76
8/29/2016,94.09,43.02,26.1,52.28,6.92,26.35,38.42,795.82,29.38,58.1,95.12,0.6,29.75,53.61
8/26/2016,93.71,43.28,26.03,52.35,6.81,26.58,39.37,793.22,29.47,58.03,95.31,0.6,29.33,53.65
8/25/2016,93.8,43.39,26.19,52.92,6.65,26.35,39.28,791.3,29.09,58.17,96.59,0.6,29.4,53.86
8/24/2016,94.42,43.2,26.38,52.05,6.6,26.1,40.26,793.6,29.41,57.95,95.89,0.6,28.68,53.81
8/23/2016,94.42,43.08,26.53,51.85,6.53,25.76,40.38,796.59,29.19,57.89,93.93,0.6,28.88,53.66
8/22/2016,94.26,42.93,26.24,52.01,6.76,25.65,40.16,796.95,29.64,57.67,93.99,0.6,29.17,53.59
8/19/2016,94.46,43.16,25.83,52.17,6.62,26.2,40.64,799.65,28.73,57.62,95.11,0.6,29.4,53.64
8/18/2016,94.86,43.08,26.16,51.83,6.8,26.33,41,802.75,29.05,57.6,97.03,0.6,29.26,53.93
8/17/2016,94.87,43.14,26.2,52.09,7.09,26.42,41.21,805.42,29.6,57.56,93.44,0.6,29.09,53.9
8/16/2016,95.21,43.16,25.89,51.91,7.05,26.83,40.24,801.19,29.02,57.44,93.1,0.6,27.43,54
8/15/2016,95.55,43.18,25.84,52.1,7.03,26.42,41.13,805.96,29.5,58.12,93.56,0.6,27.81,54.5
8/12/2016,95.82,43.29,25.96,52.22,6.99,24.77,42.3,807.05,30.14,57.94,94.37,0.6,27.82,55.41
8/11/2016,95.97,42.58,26.16,54.21,6.73,25.09,43.91,808.2,30.13,58.3,91.25,0.6,28.12,54.86
8/10/2016,95.87,42.76,26.2,54.1,7,25.26,42.33,808.49,31.21,58.02,91.65,0.6,28.46,55.32
8/9/2016,96.39,42.38,26.74,54.44,6.89,25.46,43.02,807.48,31.21,58.2,92.04,0.6,28.8,54.81
8/8/2016,96.65,42.94,26.64,54.42,6.74,25.64,43.82,805.23,30.71,58.06,91.41,0.45,29.94,55.87
8/5/2016,96.87,43.11,26.8,55.15,6.97,25.46,43.07,806.93,30.49,57.96,87.66,0.6,30.19,56.1
8/4/2016,96.88,42.52,27.23,53.95,6.91,25.51,42.6,797.25,30.75,57.39,85.89,0.6,30.23,55.37
8/3/2016,97.1,42.71,27.53,54.53,6.81,25.4,43.38,798.92,30.57,56.97,85.99,0.6,30.5,55.62
8/2/2016,96.84,42.77,27.21,54.98,6.83,25.31,43.27,800.12,30.41,56.58,87.91,0.6,30.25,55.7
8/1/2016,97.77,42.85,27.14,54.69,6.76,25.17,43.1,800.94,30.59,56.58,85.84,0.6,30.51,55.93
7/29/2016,97.86,42.89,27.66,55.85,6.72,25.3,42.19,791.34,30.74,56.68,98.81,0.6,30.43,55.84
7/28/2016,96.67,42.77,27.51,57.94,6.68,25.06,42.1,765.84,29.99,56.21,98.39,0.45,30.93,55.84
7/27/2016,95.75,42.59,26.76,57.51,6.8,25.7,41.37,761.97,29.53,56.19,98.02,0.45,30.52,56
7/26/2016,95.83,42.41,26.61,57.94,6.6,25.49,40.94,757.65,30.04,56.76,96.43,0.5,31.27,55.47
7/25/2016,95.16,42.51,25.82,57.53,6.58,25.54,40.59,757.52,30.25,56.73,95.97,0.55,30.76,55.93
7/22/2016,96.09,42.61,25.49,57.08,6.59,25.25,40.2,759.28,30.58,56.57,94.67,0.6,30.47,55.9
7/21/2016,95.01,43.1,25.88,56.11,6.32,25.62,39.44,754.41,31.21,55.8,97.06,0.6,29.91,55.38
7/20/2016,95.54,43.1,26.14,55.09,6.24,25.41,40.72,757.08,31.5,55.91,95.1,0.6,29.42,56.26
7/19/2016,95.95,43.35,26.15,54.67,5.99,25.1,40.03,753.41,31.9,53.09,94.6,0.65,29.73,56.53
7/18/2016,95.91,43.47,26.6,54.86,6.43,24.77,40.66,753.2,31.58,53.96,97.91,0.65,29.97,56.23
7/15/2016,96.33,43.47,26.8,54.86,6.43,25.25,41.14,735.63,31.52,53.7,96.67,0.65,29.97,56.23
7/14/2016,96.69,43.21,27.04,54.44,6.22,25.25,42.02,735.8,31.84,53.74,96.67,0.55,29.86,55.84
7/13/2016,97.39,42.54,26.92,52.76,6.3,25.23,42.52,729.48,32.01,53.51,91.48,0.55,30.09,55.06
7/12/2016,97.71,42.02,27.25,52.07,6.06,24.38,41.34,732.51,32.32,53.21,91.06,0.55,28.96,54.82
7/11/2016,98.01,42.03,26.19,50.89,5.98,23.91,40.12,727.2,32.22,52.59,87.97,0.68,28.22,54.74
7/8/2016,98.22,41.52,26.11,51.65,6.08,23.73,40.03,717.78,32.6,52.3,85.33,0.68,28.94,54.43
7/7/2016,99.47,41.88,25.79,53.69,6.6,24.46,39.28,707.26,32.76,51.38,88.44,0.68,30.49,54.67
7/6/2016,100.15,41.3,25.68,53.65,6.65,26.37,39.55,708.97,31.3,51.38,91.66,0.68,29.92,54.03
7/5/2016,99.8,41.07,26.52,53.44,6.61,25.99,39.54,704.89,31.59,51.17,90.01,0.55,29.72,54.1
7/4/2016,99.97,40.78,27.58,54.02,6.59,25.76,39.4,710.25,32.05,51.16,90.99,0.55,30.44,53.76
7/1/2016,99.88,40.49,27.58,53.73,6.35,26.09,39.4,710.25,31.94,51.16,93.8,0.53,30.27,53.78
6/30/2016,100.2,40.49,27.85,54.48,6.37,25.59,39.35,703.53,32.42,51.17,94.45,0.53,30.83,53.46
6/29/2016,99.98,40.29,27.91,53.2,6.33,25.55,39.26,695.19,33.16,50.54,95.44,0.53,31.14,52.84
6/28/2016,99.62,40.38,26.88,52.82,6.35,25.54,37.5,691.26,34.18,49.44,94.29,0.5,30.86,52.99
6/27/2016,98.41,40.19,25.21,52.11,6.31,25.67,37.02,681.14,34.47,48.43,94.12,0.49,30.45,52.57
6/24/2016,98.45,40.33,26.86,52.73,6.32,25.97,38,685.2,30.12,49.83,93.85,0.49,31.18,52.67
6/23/2016,97.66,40.09,32.84,53,6.34,26.15,40.14,714.87,30.17,51.91,93.75,0.49,31.83,51.95
6/22/2016,98.03,39.86,31.72,53.53,6.49,27.33,39.7,710.47,30.36,50.99,97.09,0.49,32.37,51.52
6/21/2016,98.03,39.79,31.46,53.51,6.39,28.04,39.83,708.88,30.54,51.19,97.86,0.49,32.3,51.75
6/20/2016,97.82,39.34,31.43,54.03,6.46,27.85,39.96,706.13,30.5,50.07,99.89,0.49,32.02,50.71
6/17/2016,96.98,39.21,29.6,54.39,6.47,28.88,39.06,704.25,29.32,50.13,100.74,0.49,31.96,50.92
6/16/2016,96.05,38.84,28.98,55.4,6.48,28.39,39.67,724.25,29.17,50.39,99.59,0.49,32.08,50.77
6/15/2016,94.38,38.73,28.53,55.17,6.48,28.3,39.6,732.19,28.92,49.69,101.25,0.43,32.01,50.43
6/14/2016,95.72,39.15,28.37,55.2,6.43,27.81,39.64,733.25,29.02,49.83,101.51,0.43,31.63,50.9
6/13/2016,99.02,38.99,29.41,54.87,6.39,27.85,38.85,731.88,28.61,50.14,102.57,0.6,31.37,50.62
6/10/2016,98.79,38.99,30.26,54.87,6.39,27.55,38.66,733.19,28.55,51.48,103.3,0.6,31.37,50.62
6/9/2016,98.82,38.84,31.14,54.35,6.4,27.55,39.41,742.52,28.58,51.62,103.3,0.6,31.14,50.16
6/8/2016,99.57,38.62,31.03,53.93,6.3,27.07,40.07,742.93,29.05,52.04,102.81,0.65,30.62,49.85
6/7/2016,99,38.5,31.45,53.37,6.25,27,40.38,731.09,29.05,52.1,100.2,0.65,30.52,49.58
6/6/2016,98.38,38.32,31.48,52.44,6.25,26.53,38.83,730.06,29.48,52.13,97.89,0.6,30,49.14
6/3/2016,98.27,38.45,31.74,52.74,6.12,26.24,38.34,735.86,28.5,51.79,94.89,0.6,30.27,49.66
6/2/2016,98.4,38.44,31.78,52.1,6.09,26.17,38.76,744.27,27.69,52.48,92.49,0.6,29.48,49.63
6/1/2016,97.57,38.45,31.56,52.28,6.09,26.1,39.01,748.46,27.63,52.85,89.55,0.6,29.48,50.39
5/31/2016,97.34,39.11,32.45,53.46,6.11,26.71,40.14,748.85,28.89,53,90.5,0.6,30.07,50.9
5/30/2016,97.84,39.28,33.46,53.65,6.42,27.45,38.74,747.6,29.92,52.32,88.63,0.6,30.69,51.23
5/27/2016,98.04,39.15,33.46,53.5,6.07,27.53,38.74,747.6,29.05,52.32,89.12,0.6,30.44,50.94
5/26/2016,98.35,39.55,33.27,54.28,6.09,27.98,38.11,736.93,29.08,51.89,87.88,0.5,31.07,51.47
5/25/2016,98.78,39.18,33.23,55.8,6.08,28.14,37.87,738.1,29.99,52.12,87.74,0.41,32.7,51.15
5/24/2016,98.75,39.31,33.19,56.96,5.99,28.97,38.35,733.03,29.84,51.59,90.02,0.41,32.67,51.54
5/23/2016,98.72,38.86,32.16,56,6,29.31,38.43,717.25,29.91,50.03,92.89,0.41,32.09,51.08
5/20/2016,98.52,38.99,32.37,57.68,5.88,28.15,37.61,721.71,30.11,50.62,90.54,0.41,32.24,51.12
5/19/2016,99.22,38.74,32.07,57.47,5.69,28.28,37.29,715.31,29.75,50.32,90.84,0.41,32.12,50.84
5/18/2016,100.29,38.88,32.35,56.53,5.62,27.74,37.24,721.78,29.56,50.81,89.37,0.52,31.77,50.84
5/17/2016,100.29,38.91,32.24,55.66,5.2,26.59,36.97,720.19,29.54,50.51,90.79,0.4,32.57,50.68
5/16/2016,99.81,39.1,32,56.47,5.1,27,37.95,730.3,30.07,51.83,91.54,0.4,32.47,51.32
5/13/2016,99.86,38.82,31.84,55.91,5.11,27.93,38.08,724.83,30.27,51.08,93.11,0.4,32.07,50.94
5/12/2016,99.51,38.64,32.12,56.07,4.99,27.31,39.58,728.07,31.4,51.51,90.03,0.6,31.96,51.02
5/11/2016,99.18,38.72,31.9,56.39,5,28.15,38.35,730.55,32.5,51.05,90.28,0.6,32.63,51.69
5/10/2016,99.78,38.09,32.26,56.44,5.09,28.44,38.2,739.38,32.82,51.02,91.04,0.6,33,50.44
5/9/2016,98.41,38.21,32.14,56.29,4.88,28.2,36.06,729.13,33.5,50.07,92.43,0.6,32.67,50.76
5/6/2016,99,38.07,32.54,56.49,4.92,27.93,35.32,725.18,33.41,50.39,93.56,0.6,32.9,50.55
5/5/2016,99.94,37.86,33.05,55.82,4.96,28.8,34.8,714.71,33.34,49.94,95.9,0.6,32.63,50.03
5/4/2016,100.36,38.72,32.2,55.05,4.88,28.37,34.4,711.37,33.36,49.87,94.98,0.6,33.05,51.75
5/3/2016,100.52,38.92,33,54.96,4.75,28.16,34.31,708.44,33.36,49.78,96.77,0.6,32.96,52.08
5/2/2016,101.71,38.65,32.93,54.13,4.61,28.34,35.14,714.41,33.08,50.61,94.34,0.8,33.06,51.73
4/29/2016,102.29,38.48,32.8,53.89,4.44,28.55,35.49,707.88,32.89,49.87,108.4,0.8,31.98,51.35
4/28/2016,106.6,38.42,32.08,53.66,4.45,28.34,34.66,705.06,32.77,49.9,111.51,0.8,31.96,51.36
4/27/2016,105.34,38.25,32.24,54.29,4.43,28.38,35.25,721.46,32.15,50.94,110.42,0.8,32.28,51.29
4/26/2016,105.54,38.67,31.61,53.58,4.17,28.7,35.71,725.37,32.75,51.44,109.65,0.8,31.43,51.95
4/25/2016,104.93,38.39,31.45,53.52,4.26,28.38,34.85,742.21,32.13,52.11,106.98,0.8,30.96,51.61
4/22/2016,103.67,38.5,31.78,54.12,4.17,28.35,35.74,737.77,32.31,51.78,102.68,0.8,31.03,52.18
4/21/2016,103.78,38.59,31.4,53.58,4.24,28.17,34.5,780,31.92,55.78,103.81,0.8,31.37,52
4/20/2016,104.36,38.64,31.88,54.85,4.15,27.91,33.97,774.92,32.42,55.59,104.45,0.49,31.53,53.52
4/19/2016,103.26,39.19,32.85,54.26,4.1,28.93,33.31,776.25,32.16,56.39,104.83,0.49,30.8,54.09
4/18/2016,104.03,39.36,32.86,54.82,4.5,28.62,34.01,787.68,32.55,56.46,104.94,0.49,30.77,54.42
4/15/2016,105.28,39.05,31.84,55.17,4.64,28.88,33.97,780,32.86,55.65,104.35,0.49,30.99,54.01
4/14/2016,104.89,39.17,31.91,55.09,4.7,28.9,33.52,775.39,33.19,55.36,105.7,0.49,30.75,54.08
4/13/2016,104.57,39.37,32,54.61,4.6,28.63,32.97,771.91,32.73,55.35,102.23,0.49,31.03,54.04
4/12/2016,103.77,39.45,32.08,54.9,4.57,28.09,30.85,764.32,32.89,54.65,102.19,0.51,31.63,54.05
4/11/2016,102.91,39.07,31.63,54.61,4.45,28.24,31.4,757.54,32.8,54.31,104.13,0.51,30.6,53.4
4/8/2016,103.27,38.88,31.33,54.06,4.45,28.23,31.21,759.47,32.6,54.42,101.21,0.56,30.35,53.56
4/7/2016,102.64,38.88,31.25,54.06,4.45,27.99,31.17,760.12,32.8,54.46,98.36,0.64,30.35,53.56
4/6/2016,101.48,38.54,31.68,53.5,4.42,27.99,32.27,768.07,32.75,55.12,98.36,0.64,30.31,52.91
4/5/2016,98.59,38.63,31.15,53.86,4.35,27.81,32.43,758.57,32,54.56,99.59,0.64,31.18,53.21
4/4/2016,98.63,38.92,31.7,54.02,4.45,28.87,32.33,765.12,32.55,55.43,99.84,0.64,31.75,53.44
4/1/2016,99.48,38.56,31.67,54.71,4.71,29.24,31.82,769.67,32.54,55.57,101.06,0.64,32.34,53.24
3/31/2016,97.35,39.12,32.08,54.25,4.49,29.42,30.86,762.9,32.49,55.23,101.12,0.75,32.63,53.63
3/30/2016,96.27,38.77,32.46,54.44,4.49,29.1,30.98,768.34,32.55,55.05,99.72,0.75,32.42,53.21
3/29/2016,96.42,38.52,32.16,52.59,4.28,28.55,31.43,765.89,32.5,54.71,99.35,0.64,32.48,52.67
3/28/2016,96.16,38.32,31.45,53.3,4.48,27.66,29.67,753.28,32.63,53.54,97.86,0.64,32.97,52.54
3/25/2016,97.48,38.36,31.18,53.12,4.49,27.93,29.09,754.84,32.94,54.21,98.13,0.64,32.96,52.53
3/24/2016,97,38.31,31.18,51.78,4.24,28.44,29.09,754.84,32.82,54.21,97.66,0.64,32.21,52.32
3/23/2016,98.68,37.98,31.55,52.1,4.25,27.64,29.92,757.56,32.68,53.97,97.36,0.64,32.99,52.34
3/22/2016,99.07,38.09,32.04,51.18,4.46,27.67,30.67,760.05,31.65,54.07,98,0.89,32.27,52.46
3/21/2016,99.31,38.13,32.74,52,4.45,27.18,30.99,762.16,31.29,53.86,96.23,0.78,32.9,52.21
3/18/2016,98.91,37.93,32.76,51.4,4.2,28.06,31.87,755.41,30.96,53.49,95.49,0.79,32.4,51.81
3/17/2016,98.16,37.99,32.76,51.48,4.08,27.6,31.35,758.48,29.45,54.66,101.58,0.79,32.2,51.89
3/16/2016,98.09,37.69,32.74,50.15,3.73,27.63,30.76,757.36,29.31,54.35,97.93,0.79,31.69,52.12
3/15/2016,97.22,37.39,32.6,50.25,3.78,26.78,31.14,750.57,29.84,53.59,97.61,0.79,31.4,51.46
3/14/2016,97.22,36.95,33.37,48.38,3.61,26.43,29.99,750.24,29.48,53.17,98.3,0.79,30.87,50.73
3/11/2016,96.83,37.13,33.36,48.3,3.55,25,28.98,744.87,30.04,53.07,93.41,0.33,30.24,51.02
3/10/2016,97.58,37.37,32.73,47.64,3.5,25.08,28.72,732.17,29.76,52.05,94.79,0.33,30.42,51.11
3/9/2016,98.46,37.1,33.07,47.48,3.45,24.88,29.18,725.41,30.75,52.84,94.53,0.26,29.46,50.82
3/8/2016,99.2,36.74,33.18,46.96,3.41,25.2,29.35,713.53,30.97,51.65,91.61,0.25,30.26,50.63
3/7/2016,99.6,36.86,33.46,46.87,3.48,25.19,30.36,712.8,31.09,51.03,89.12,0.29,29.7,51.07
3/4/2016,98.44,36.57,33.7,45.09,3.45,26.19,30.5,730.22,30.77,52.03,91.93,0.29,28.11,50.86
3/3/2016,98.24,36.99,34.09,45.79,3.56,25.35,29.94,731.59,31.13,52.35,89.23,0.3,28.08,50.94
3/2/2016,98.81,36.64,34.19,46.56,3.66,25.62,30.2,739.48,30.38,52.95,90.49,0.28,29.46,50.32
3/1/2016,97.94,36.65,34.96,44.92,3.53,26.71,31.9,742.17,30.18,52.58,94.76,0.26,28.61,50.24
2/29/2016,97.04,36.47,33.82,43.18,3.55,25.56,30.85,717.22,30.18,50.88,89.05,0.25,27.19,50.11
2/26/2016,97.66,36.47,33.73,43.18,3.55,25,31.38,724.86,30.17,51.3,87.4,0.28,27.19,50.11
2/25/2016,97.82,36.21,33.86,43.57,3.69,25,30.85,729.12,30.81,52.1,87.4,0.3,27.31,49.39
2/24/2016,99.39,36.43,32.65,42.88,3.69,24.33,29.69,720.9,32.11,51.36,86.35,0.29,27.61,49.98
2/23/2016,98.48,36.65,32.51,42.65,3.68,24.75,29.01,717.29,31.63,51.18,88.45,0.29,26.97,50.15
2/22/2016,98.82,37.11,33.28,44.36,3.92,24.72,29.24,729.05,32.1,52.65,86.13,0.32,28.22,50.74
2/19/2016,97,36.88,33.07,46.25,3.83,26.02,28.11,722.11,31.64,51.82,83.32,0.31,30.58,50.97
2/18/2016,97.65,36.53,33.45,48.41,5.5,27.21,26.23,717.51,31.09,52.19,82.79,0.29,32.14,50.43
2/17/2016,95.52,36.72,33.26,48.26,5.48,27.7,25.66,731.97,32.05,52.42,89.71,0.25,32.95,50.62
2/16/2016,95.31,36.06,32.94,46.63,4.9,27.27,25.03,717.64,32.48,51.09,90.74,0.26,32.34,49.91
2/15/2016,95.65,36.18,32.89,47.91,4.81,26.4,23.13,706.89,32.01,50.5,91.49,0.26,33.21,50.76
2/12/2016,95.43,36.06,32.89,47.5,5.05,27.64,23.13,706.89,32,50.5,94.09,0.23,33,49.97
2/11/2016,95.38,35.53,32.37,46.29,4.91,27.59,23.52,706.36,31.25,49.69,91.84,0.26,32.44,49.01
2/10/2016,96.37,35.48,33.67,47.34,4.75,26.73,23.89,706.85,31.85,49.71,94.41,0.23,31.24,49.03
2/9/2016,95.01,35.4,33.52,47.51,4.95,27.1,23.32,701.02,32.06,49.28,91.15,0.35,30.72,48.25
2/8/2016,95.17,35,33.19,46.29,4.78,27.42,23.5,704.16,30.91,49.41,97.83,0.4,29.51,47.03
2/5/2016,95.5,35.14,34.73,46.94,4.96,26.25,26.24,703.76,30.26,50.16,99.12,0.45,30.51,47.04
2/4/2016,92.91,34.54,35.65,45.77,4.6,26.9,29.18,730.03,30.56,52,100.72,0.41,29.01,45.87
2/3/2016,91.15,33.9,35.87,44.02,4.56,25.89,28.64,749.38,29.51,52.16,102.35,0.49,29.06,44.42
2/2/2016,91.15,34.51,35.62,45.39,4.69,25.53,30.05,780.91,29.3,53,107.74,0.44,29.34,44.87
2/1/2016,90.31,33.99,35.85,45.88,4.6,25.79,31.03,770.77,28.5,54.71,107.89,0.44,29.6,44.43
1/29/2016,88.85,33.99,34.86,45.88,4.6,25.89,30.42,761.35,32.15,55.09,104.04,0.38,29.6,44.43
1/28/2016,92.32,34.3,33.79,46.73,4.88,25.89,29.48,748.3,31.4,52.06,104.04,0.41,29.79,44.87
1/27/2016,92.12,33.74,34.01,44.94,4.85,26.3,29.23,717.58,31.4,51.22,107.06,0.41,29.29,44.15
1/26/2016,93.9,33.9,33.97,47.02,5.2,25.54,29.63,733.79,30.49,52.17,106.56,0.49,30.15,44.93
1/25/2016,95.43,33.95,33.66,46.78,5.11,26.33,30.62,733.62,30.94,51.79,116.58,0.45,29.76,45.09
1/22/2016,95.14,33.54,35.29,46.46,5,25.83,31.65,745.46,31,52.29,114.97,0.4,29.96,44.83
1/21/2016,93.12,33.51,33.46,45.34,5.5,26.01,31.32,726.67,29,50.48,111.39,0.37,30.82,45.27
1/20/2016,95.15,34.06,32.38,46.13,5.89,25.48,31.03,718.56,25.99,50.79,114.56,0.45,31.06,45.52
1/19/2016,95.82,34.59,33.17,46.12,5.58,26.28,31.51,719.08,25.99,50.56,117.68,0.47,31,46.5
1/18/2016,93.53,34.35,33.11,46.65,5.63,26.47,31.99,710.49,26.31,50.99,107.66,0.45,31.43,45.87
1/15/2016,94.32,34.41,33.11,47.13,5.59,26.41,31.99,710.49,26.16,50.99,109.96,0.46,32.54,46.22
1/14/2016,96.27,34.41,34.03,47.13,5.59,26.68,32.41,731.39,26.45,53.11,114.38,0.51,32.54,46.22
1/13/2016,95.29,34.74,33.81,46.76,5.5,26.68,32.3,719.57,26.88,51.64,114.38,0.51,31.9,46.77
1/12/2016,96.9,34.93,34.36,47.29,5.51,26.56,33.6,745.34,27.82,52.78,116.71,0.5,32.29,47.21
1/11/2016,94.02,34.76,33.93,46.83,5.49,26.9,33.35,733.07,28.95,52.3,119.12,0.51,32.1,46.75
1/8/2016,92.54,34.66,33.79,47.44,5.6,26.84,35.51,730.91,29.12,52.33,117.11,0.51,32.61,46.71
1/7/2016,93.97,34.66,33.52,47.44,5.6,27.09,36.3,741,29.24,52.17,117.33,0.49,32.61,46.71
1/6/2016,93.9,34.78,34.24,47.23,5.44,27.09,37.69,759.33,30.35,54.05,117.33,0.47,32.46,46.95
1/5/2016,93.9,34.41,34.28,46.61,5.28,27.14,37.54,761.53,31.06,55.05,118.16,0.47,31.61,46.34
1/4/2016,99.11,34.09,34.3,45.79,5.12,26.87,36.78,759.44,28.5,54.8,116.24,0.44,32.21,45.9
1/1/2016,98.48,33.6,34.61,45.66,5.06,26.28,37.51,778.01,29.36,55.48,116.63,0.46,31.66,45.56
12/31/2015,101.46,34.03,34.61,46.52,5.17,26.22,37.51,778.01,31.13,55.48,118.02,0.52,32.21,46.1
12/30/2015,99.92,34.4,34.81,47.5,5.22,26.48,37.55,790.3,30.08,56.31,122.51,0.52,32.93,46.51
12/29/2015,99.25,33.81,35.05,46.83,5.07,27.18,37.59,793.96,30.65,56.55,122.64,0.53,31.84,45.55
12/28/2015,99.5,33.6,34.72,46.34,5.08,26.52,36.32,782.24,29.8,55.95,118.6,0.5,31.29,45.45
12/25/2015,100.36,33.17,34.88,46.84,5.01,26.45,34.71,765.84,30.39,55.67,120.67,0.5,31.95,44.82
12/24/2015,100.9,33.67,34.88,48.53,5.27,27.37,34.71,765.84,31.17,55.67,118.91,0.52,32.97,45.32
12/23/2015,102.98,33.57,35.31,48.36,5.04,28.39,33.6,768.51,31.53,55.82,122.91,0.47,32.81,45.36
12/22/2015,105.08,33.85,34.32,49.84,4.78,28.45,34.19,767.13,31.53,55.35,124.2,0.53,33.82,45.7
12/21/2015,105.08,34.27,34.05,50.45,4.82,29.43,35.17,760.8,32.35,54.83,126.98,0.58,34.55,46.06
12/18/2015,106.34,34.11,34.02,50.01,4.93,30.7,35.66,756.85,32.22,54.13,125.36,0.57,34.78,45.71
12/17/2015,107.08,33.1,34.99,49.33,5.16,30.73,37.8,769.83,33.51,55.7,130.93,0.57,34.61,44.56
12/16/2015,107.25,33.56,35.53,50.05,5.08,30.12,36.02,776.59,32.61,56.13,126.81,0.59,35.18,44.92
12/15/2015,105.86,33.77,35.23,51.1,5.25,30.18,35.35,760.09,31.55,55.2,128.93,0.57,35.5,45.58
12/14/2015,105.86,33.67,34.85,50.48,5.25,31.08,35.17,762.54,31.05,55.14,125.37,0.5,35.1,45.45
12/11/2015,105.56,33.57,34.89,50.75,5.54,31.14,35.2,750.42,33.04,54.06,123.33,0.6,35.65,45.23
12/10/2015,106.74,33.45,35.43,50.98,5.58,31.08,36.96,760.04,33.63,55.27,125.44,0.56,35.67,44.92
12/9/2015,106.59,33.45,35.19,50.98,5.58,31.12,36.7,762.55,33.92,54.98,124.16,0.57,35.67,44.92
12/8/2015,107.72,33.39,35.45,50.54,5.79,31.12,36.99,775.14,35.54,55.79,124.16,0.57,34.88,45.19
12/7/2015,112.01,33.46,36.14,50.98,5.69,30.95,36.19,772.99,35.54,55.81,123.31,0.57,35.03,44.99
12/4/2015,113.79,33.66,36.44,51.69,5.53,30.71,35.92,779.21,36.12,55.91,125.03,0.61,34.78,45.39
12/3/2015,112.16,33.62,35.95,51.75,5.72,30.77,35.05,768.2,36.54,54.2,123.84,0.57,34.4,45.76
12/2/2015,109.35,33.54,36.59,51.31,5.76,30.56,35,777.85,36.04,55.21,120.22,0.61,34.63,45.38
12/1/2015,108.04,33.26,37.18,50.78,5.7,30.78,35.01,783.79,36.09,55.22,120.63,0.58,34.1,45.08
11/30/2015,110.76,33.04,37.4,50.94,5.9,30.1,35.16,762.85,36.09,54.35,117.1,0.54,34.19,45.04
11/27/2015,111.47,32.31,37.49,49.88,5.96,30.59,36.22,771.97,35.93,53.93,111.35,0.57,33.03,44.23
11/26/2015,112.48,32.69,37.02,50.36,5.94,29.98,35.69,769.26,36.68,53.69,103.65,0.59,33.33,44.83
11/25/2015,113.83,32.92,37.02,50.31,6.13,30.16,35.69,769.26,36.26,53.69,108.92,0.61,34.14,45.32
11/24/2015,114.24,32.79,36.67,49.75,6.11,30.61,36.4,769.63,37.83,54.25,112.86,0.65,33.89,45.1
11/23/2015,111.89,32.84,36.92,48.54,5.73,30.06,37.45,776.7,39.1,54.19,112.7,0.61,33.39,45.3
11/20/2015,114,33.16,37.11,48.64,6.03,29,36.95,777,39.58,54.19,109.86,0.64,33.51,45.78
11/19/2015,115.39,33.34,37.49,47.77,6.01,29.01,36.09,759.94,39.02,53.94,114.06,0.64,33.41,46.2
11/18/2015,113.47,33.48,37.21,47.95,7.32,29.51,36.24,760.01,38.1,53.85,113.5,0.7,33.2,46.14
11/17/2015,115.13,33.63,37.34,48.24,7.46,30.3,37.94,745.98,37.31,52.97,114.05,0.67,31.97,46.45
11/16/2015,118.67,33.61,36.82,47.87,7.43,31.08,34.85,750.42,37.36,53.77,109.74,0.66,31.32,46.78
11/13/2015,118.67,33.51,36.06,46.52,7.48,30.06,34.05,740.07,38.1,52.84,107.64,0.63,30.01,46.88
11/12/2015,117.95,33.55,36.48,46.62,7.51,29.44,34.21,756.53,38.94,53.32,108.38,0.69,29.65,46.4
11/11/2015,119.42,33.42,36.11,45.49,7.38,29.37,34.21,765.25,38.44,53.65,105.12,0.65,29.62,46.48
11/10/2015,120.07,33.21,35.18,44.5,6.9,29.53,34.18,758.26,38.73,53.51,105.8,0.62,28.82,46.17
11/9/2015,118.71,33.66,34.9,44.36,7.07,28.78,34.2,754.77,38.21,54.16,103.07,0.62,29.46,46.36
11/6/2015,118.14,33.74,35.19,44.49,7.11,29.29,35.08,761.6,38.77,54.92,103.04,0.71,29.67,46.16
11/5/2015,116.13,33.96,35.52,43.21,7.12,29.77,34.24,760.67,38.78,54.38,100.04,0.67,29.49,45.89
11/4/2015,115.92,33.6,35.77,43.18,7.2,29.45,35.34,755.31,37.88,54.4,97.32,0.66,28.63,44.86
11/3/2015,114.84,33.75,35.74,43.95,7.3,28.81,34.03,748.82,37.94,54.15,97.96,0.58,29.35,45.24
11/2/2015,116.21,33.63,35.78,42.92,7.28,29.18,34.11,747.74,37.99,53.24,98.99,0.53,29.19,44.7
10/30/2015,116.52,33.83,35.84,43.18,7.17,28.7,34.57,737.39,37.99,52.64,101.69,0.43,29.66,44.7
10/29/2015,117.42,33.49,36.03,43.16,7.18,28.49,34.15,744.85,37.38,53.36,98.99,0.37,29.44,44.67
10/28/2015,116.42,33.27,35.78,42.43,7.18,28.86,34.52,736.92,37.67,53.98,101.09,0.37,28.64,43.99
10/27/2015,115.67,33.22,34.6,42.34,7.43,28.35,33.6,732.82,38.12,53.69,110.23,0.37,28.68,44.36
10/26/2015,113,33.3,34.77,42.62,7.51,28.83,33.73,731.12,38.85,54.25,109.73,0.4,28.51,44.3
10/23/2015,113.25,33.14,34.65,43.13,7.65,28.84,34.06,719.33,38.67,52.87,113.45,0.36,28.54,44.16
10/22/2015,115.54,33.4,34.35,43.86,7.61,28.9,33.36,681.14,38.58,48.03,113.33,0.36,28.75,44.23
10/21/2015,115.04,33.12,33.51,42.41,7.5,28.84,32.99,671.8,38.07,47.2,114.93,0.36,29.38,43.85
10/20/2015,113.74,33.31,33.79,41.34,7.3,28.01,33.57,680,37.66,47.77,108.1,0.37,27.4,44.06
10/19/2015,115.04,33.43,33.16,41.64,7.28,27.21,34.99,699.95,38.57,47.62,108.33,0.36,27.34,44
10/16/2015,114.34,32.64,33.31,40.3,7.16,26.88,34.78,695.32,39.4,47.51,111.25,0.39,26.24,42.84
10/15/2015,113.77,32.53,33.26,39.47,7.26,26.09,33.69,693.02,39.35,47.01,106.11,0.36,25.56,42.96
10/14/2015,113.52,32.58,32.36,39.9,7.13,25.36,31.48,680.41,39.33,46.68,105.98,0.36,25.32,43.51
10/13/2015,113.09,32.07,32.8,38.97,7.09,26.03,31.7,683.17,39.17,46.89,103.26,0.38,25.36,43.53
10/12/2015,113.25,31.9,33.56,38.67,7.28,26.4,32.06,676.43,38.79,47,98.35,0.38,25.44,43.74
10/9/2015,110.09,32.33,33.28,40.77,7.66,27.78,31.92,671.24,38.71,47.11,99.47,0.36,25.28,44.22
10/8/2015,109.84,32.11,33.47,40.89,7.51,27.84,31.15,667,38.68,47.45,102.24,0.39,25.78,44.09
10/7/2015,109.47,32.2,33.1,41.67,7.56,27.65,31.11,670,38.94,46.8,103.76,0.36,26.42,43.98
10/6/2015,108.24,32.27,32.89,42.58,7.56,27.67,31.82,671.64,38.39,46.75,98.07,0.36,26.85,44.43
10/5/2015,107.89,32.56,32.83,42.88,8.12,27.81,31.65,671.68,38.28,46.63,98.47,0.36,27.47,44.8
10/2/2015,105.73,32.55,32.4,42.71,7.97,28.81,30.91,656.99,38.17,45.57,100.3,0.37,27.26,44.57
10/1/2015,106.59,32.78,31.92,43.42,7.82,28.28,29.97,642,37.98,44.61,102.62,0.37,27.82,45.23
9/30/2015,106.35,32.94,31.88,43.58,7.75,28.29,30.59,638.37,37.71,44.26,104.21,0.37,27.79,46.19
9/29/2015,105.56,32.86,31.53,43.76,7.71,27.89,30.43,622.61,37.57,43.44,104.08,0.4,27.59,46.37
9/28/2015,104.61,32.55,31.44,43.28,7.62,26.99,30.48,624.25,37.59,43.29,99.16,0.36,26.88,45.65
9/25/2015,103.39,32.72,31.84,43.93,7.74,26.57,31.79,640.15,36.81,43.94,95.69,0.36,26.73,45.73
9/24/2015,103.77,32.75,31.43,43.94,7.84,26.94,32.59,654.91,37.18,43.91,97.51,0.38,26.36,45.46
9/23/2015,103.85,32.78,31.48,43.51,7.95,26.9,33.49,653.29,37.6,43.87,99.48,0.38,26.28,45.39
9/22/2015,103,33.14,31.31,43.67,7.99,26.82,31.96,653.2,36.73,43.9,99.18,0.39,26.42,45.88
9/21/2015,102.67,32.56,32.18,42.92,7.87,27.22,32.3,666.98,36.38,44.11,94.95,0.41,25.85,44.82
9/18/2015,102.2,32.56,32.27,42.92,7.87,26.73,32.71,660.92,35.69,43.48,98.79,0.4,25.85,44.82
9/17/2015,99.42,33.04,32.72,43.81,8.02,26.73,32.98,671.67,36.26,44.25,98.79,0.38,25.97,45.72
9/16/2015,98.49,32.82,33.13,44.29,7.94,27.12,31.87,665.52,36.9,44.3,101.06,0.4,25.97,45.35
9/15/2015,100.3,32.32,32.57,43.79,8.08,26.75,31.23,665.07,36.5,43.98,105.44,0.36,25.86,44.9
9/14/2015,100.62,33.2,32.74,45.24,8.16,26.28,29.88,652.47,35.14,43.04,105.79,0.35,26.78,46.01
9/11/2015,101.57,33.29,32.8,45.79,8,26.6,29.6,655.3,35.05,43.48,115.03,0.37,26.44,46.07
9/10/2015,102.49,33.44,33.55,45.26,7.86,27.11,29.29,651.08,35.15,43.29,117.63,0.34,25.81,46.19
9/9/2015,103.41,32.69,33.27,44.35,7.79,26.91,28.65,643.41,34.6,43.07,117.66,0.37,25.61,45.16
9/8/2015,102.84,31.8,33.4,43.27,7.71,26.52,28.72,643.88,33.73,43.89,110.13,0.37,25.18,43.5
9/7/2015,104.2,32.37,32.17,43.95,7.8,25.82,27.44,628.96,33.3,42.61,101.52,0.36,26.06,44.74
9/4/2015,103.96,33.38,32.17,45.09,8.04,26.05,27.44,628.96,33.79,42.61,96.88,0.38,26.65,46.1
9/3/2015,103.43,33.95,32.9,46.03,8.1,27.1,27.67,637.05,32.04,43.5,103.96,0.37,26.76,46.88
9/2/2015,103.82,34.36,32.87,48.52,8.22,27.32,27.04,644.91,31.59,43.36,112.49,0.4,28.96,47.44
9/1/2015,104.48,34.35,32.16,49.35,8.25,28.78,26.2,629.56,32.45,41.82,122.06,0.4,28.95,47.46
8/31/2015,102.6,34.23,33.43,50.03,8.77,29.05,27.2,647.82,32.51,43.52,124.05,0.42,28.8,47.52
8/28/2015,101.91,34.05,33.78,49.22,8.74,29.32,27.56,659.69,32.73,43.93,125.36,0.45,28.36,47.49
8/27/2015,104.01,33.81,33.67,50.05,8.75,28.31,27,667.96,33.97,43.9,123.39,0.45,28.31,47.66
8/26/2015,100.97,34.02,33.56,50.17,8.65,28.48,26.39,659.74,34.19,42.71,123.73,0.45,28.43,47.85
8/25/2015,100.97,34.65,33.07,50.29,8.84,28.93,27.69,612.47,34.11,40.47,120.51,0.45,28.29,47.6
8/24/2015,101.99,34.78,32.55,51.18,9.19,28.74,29.4,618.11,34.29,41.68,122.74,0.47,28.77,47.23
8/21/2015,101.89,34.21,33.88,50.34,9.15,29.55,32.66,644.03,33.85,43.07,123.03,0.49,27.63,46.36
8/20/2015,99.51,34.24,34.72,52.24,9.21,29.44,31.22,679.5,32.78,45.66,123.52,0.49,26.79,46.63
8/19/2015,101.88,34.57,35.13,50.42,9.54,29.88,31.05,694,31.22,46.61,126.45,0.56,27.39,46.64
8/18/2015,102.48,34.58,35.51,52.86,9.36,28.87,31.12,688.7,31.22,47.27,123.71,0.54,28.53,46.67
8/17/2015,102.17,34.66,35.56,53.03,9.35,32.86,31.82,694.1,31.41,47.32,121.15,0.52,29.05,46.97
8/14/2015,99.23,34.74,35.81,53.47,9.66,32.71,31.26,689.4,32.01,47,112.56,0.6,29.02,46.79
8/13/2015,95.89,34.8,35.45,53.2,9.66,33.02,29.99,686.5,31.59,46.73,114.31,0.67,28.18,46.67
8/12/2015,95.36,34.69,35.64,52.61,9.32,32.23,29.34,691.5,30.77,46.74,111.56,0.63,28.32,46.56
8/11/2015,98.84,34.33,36.18,52.75,9.31,31.61,30.77,690.3,30.77,46.41,107.08,0.77,28.15,45.89
8/10/2015,100.02,34.32,36.81,52.67,9.22,31.31,32.24,663.1,30.98,47.33,106.9,0.4,27.98,45.83
8/7/2015,106.45,34.29,36.15,53.04,9.23,31.54,31.11,664.4,30.72,46.74,106.43,0.36,28.11,46.04
8/6/2015,106.94,33.93,36.5,53.75,9.24,31.8,31.76,670.2,30.18,46.62,109.34,0.34,28.34,46.35
8/5/2015,109.05,34.27,36.36,54.13,9.27,32.15,31.72,673.3,31.35,47.58,110.1,0.41,28.98,46.45
8/4/2015,107.16,34.57,36.5,54.1,9.21,32.43,31.42,661.3,32.08,47.54,111.5,0.44,28.96,46.97
8/3/2015,107.52,34.9,36.54,54.09,9.28,31.82,31.5,664.7,32.02,46.81,112.51,0.45,29.46,48.1
7/31/2015,106.99,35.01,36.13,54.7,9.49,32.64,31.8,657.5,31.28,46.7,110.55,0.45,29.5,47.59
7/30/2015,108,35.16,36.4,55.45,9.6,33.31,32.21,664.6,30.14,46.88,114.77,0.45,29.81,47.83
7/29/2015,111,34.73,36.87,55.37,9.61,34.8,32.46,661.4,29.18,46.29,115.81,0.45,29.74,47.33
7/28/2015,109.35,35.12,36.5,55.4,9.69,33.92,32.44,659.7,30.85,45.34,98.13,0.45,29.81,47.41
7/27/2015,108.55,34.88,35.94,55.54,9.61,34.01,30.81,658.3,32.16,45.35,100.37,0.45,29.47,47.2
7/24/2015,110.53,34.65,35.72,54.85,9.58,33.53,32.92,654.8,34.33,45.94,101.09,0.45,28.82,47
7/23/2015,121.69,34.39,35.9,54.25,9.39,33.38,34.2,674.7,34.53,46.11,97.23,0.46,28.09,46.26
7/22/2015,121.12,34.79,36.66,54.28,9.24,32.53,33.2,695.1,35.38,45.54,95.73,0.47,27.51,46.58
7/21/2015,120,35.77,37.04,55.58,9.51,32.78,33.05,695.4,34.87,47.28,93.51,0.55,28.32,47.25
7/20/2015,120.03,35.61,37.35,54.89,9.46,33.8,33.33,692.8,35.22,46.92,94.09,0.49,28.48,47.04
7/17/2015,119.84,35.73,37.3,55.52,9.57,33.09,34.12,699.6,34.74,46.62,94.57,0.52,28.6,47.2
7/16/2015,118.46,35.73,36.93,55.52,9.57,33.18,33.97,601.8,35.79,46.66,94.04,0.46,28.6,47.2
7/15/2015,118.25,35.57,36.56,55.93,10.23,33.18,32.01,584,37.94,45.76,94.04,0.52,28.32,47
7/14/2015,118.91,35.52,36.15,55.5,10.13,33.29,33.4,584.2,36.69,45.62,93.64,0.53,27.91,46.61
7/13/2015,118.8,35.77,35.6,55.33,10.05,33.26,32.82,571.7,36.42,45.54,93.85,0.5,27.61,46.77
7/10/2015,119.33,36.12,35.41,57,10.02,33.22,31.3,556.1,37.98,44.61,92.23,0.54,28.27,47.62
7/9/2015,119.31,36.18,34.43,57.13,9.66,33.84,29.11,544.7,37.41,44.52,93.09,0.46,28.44,47.44
7/8/2015,119.58,35.78,33.25,56.77,9.63,33.6,28.31,541.7,37.41,44.24,94.89,0.45,28.35,47.29
7/7/2015,118.86,35.91,34.34,58.09,9.85,33.75,28.98,550,37.41,44.3,96.94,0.45,28.75,47.77
7/6/2015,119.07,35.04,34.83,58.34,10,34.04,30.26,545.6,37.09,44.39,97.31,0.55,28.8,47.53
7/3/2015,118.3,34.99,35.58,58.06,10.01,33.94,30.37,547.3,37.5,44.4,96.41,0.49,28.91,47.46
7/2/2015,117.85,35.02,35.58,58.51,10.02,33.91,30.37,547.3,36.65,44.4,93.87,0.46,29.37,47.77
7/1/2015,118.05,34.8,35.6,58,10.18,33.9,30.61,543.3,36.2,44.45,94.74,0.47,29.31,47.27
6/30/2015,116.44,34.67,35.45,57.69,10.31,33.34,30.43,540,36.41,44.15,94.27,0.48,29.4,47.42
6/29/2015,115.6,34.41,35.89,58.14,10.59,32.89,29.8,541.3,37.25,44.37,95.27,0.5,29.38,47
6/26/2015,115.19,34.65,36.56,58.49,11.06,32.73,30.75,553.1,37.89,45.26,93.43,0.55,29.35,47.25
6/25/2015,117.1,34.88,36.24,58.77,11.2,32.51,31,558,37.5,45.65,94.42,0.51,29.46,47.76
6/24/2015,115.7,34.72,36.29,59.49,10.95,32.96,30.5,558.6,38.71,45.64,95.09,0.51,30.09,47.47
6/23/2015,114.97,34.51,36.82,59.85,10.91,33.23,30.8,563.4,38.02,45.91,95.87,0.51,29.99,47.34
6/22/2015,114.97,34.59,36.69,60.28,10.94,33.44,31.17,559.7,37.93,46.23,92.45,0.51,30.2,47.44
6/19/2015,115.13,34.57,36.04,61.33,11.08,33.78,31.21,557.5,37.21,46.1,89.6,0.52,30.39,47.23
6/18/2015,114.14,35.27,35.86,61.74,11.24,34.45,31.63,556.2,37.42,46.72,90.46,0.58,30.22,48.1
6/17/2015,113.05,35.03,35.63,62.22,11.35,33.86,31.12,546.6,37.26,45.97,89.35,0.52,30.69,49.08
6/16/2015,114.99,34.36,34.86,61.65,11.58,33.97,31.24,544.9,36.46,45.83,88.81,0.57,30.2,49.14
6/15/2015,114.45,34.35,35.35,61.5,11.47,33.95,31.65,543,35.37,45.48,89.13,0.53,30.4,49.22
6/12/2015,113.77,34.54,35.22,61.72,11.23,33.93,29.88,547.5,35.37,45.97,89,0.51,30.04,49.44
6/11/2015,114.41,34.8,34.67,62.03,11.23,33.94,29.01,550,36.26,46.44,89.15,0.55,30.18,49.54
6/10/2015,113.53,34.95,34.71,62.65,11.24,33.05,29.28,552.6,38.42,46.61,89.51,0.55,30.62,49.57
6/9/2015,112.62,34.67,33.89,60.68,11.17,33.1,27.15,542.2,39.02,45.65,89.86,0.5,30.38,49.42
6/8/2015,113.22,34.71,33.69,61.59,11.32,32.85,28.52,543.5,39.02,45.73,87.99,0.51,30.53,49.61
6/5/2015,111.49,34.71,33.62,61.59,11.32,33.15,28.31,549.5,39.37,46.14,88.84,0.48,30.53,49.61
6/4/2015,111.06,35.07,33.94,61.81,11.16,33.15,27.81,551.7,40.27,46.36,88.84,0.47,30.63,49.9
6/3/2015,110.18,34.62,34.28,61.08,11.25,33.3,27.82,555.3,39.92,46.85,89,0.5,30.11,49.69
6/2/2015,109.95,34.37,34.06,60.7,11.21,33.57,26.25,554,41.21,46.92,88.79,0.5,30.09,49.55
6/1/2015,110.62,34.87,33.79,60.78,11.18,33.33,26.24,549.2,42.87,47.23,88.07,0.51,30.39,49.6
5/29/2015,110,34.33,34.25,59.95,11.31,32.98,26.04,545.3,42.91,46.86,88.27,0.51,29.11,49.79
5/28/2015,108.52,34.13,34.54,59.64,11.21,31.76,25.72,554.2,42.94,47.45,87.61,0.54,28.97,49.97
5/27/2015,109.29,33.9,35.36,59.72,11.16,31.4,25.68,554.3,43.06,47.61,83.84,0.52,28.67,49.73
5/26/2015,110.3,33.66,34.86,59.72,11.05,31.44,25.02,547.2,43.22,46.59,82.87,0.52,28.79,49.62
5/25/2015,110.3,33.49,35.08,59.67,11.16,32.02,24.89,554.5,43.09,46.9,83.38,0.52,29.12,49.8
5/22/2015,111.17,33.69,35.08,60.82,11.22,30.78,24.89,554.5,42.65,46.9,84.28,0.48,29.4,50.14
5/21/2015,110.75,33.37,36.11,61.22,11.18,31.33,25.77,556.8,42.44,47.42,82.09,0.48,29.51,49.73
5/20/2015,110.96,33.38,35.97,61.12,11.22,31.51,26.01,552.5,43.09,47.58,80.75,0.48,29.97,49.64
5/19/2015,110.37,33.72,36.22,61.77,11.22,32,23.57,549.3,42.47,47.58,80.08,0.48,30.32,50.09
5/18/2015,110.53,34.53,36.27,62.62,11.29,32.59,23.98,546.7,41.54,48.01,80.79,0.48,30.47,50.52
5/15/2015,110.37,34.42,36.62,62.63,11.56,33.37,24.38,546.5,41.38,48.3,79.27,0.5,30.62,50.41
5/14/2015,109.44,34.64,36.93,62.13,11.38,32.74,22.96,549.2,41.27,48.72,79.58,0.5,30.64,50.44
5/13/2015,110.26,34.76,36.88,62.77,11.39,32.36,23,539.5,40.78,47.63,79.5,0.5,31.05,50.47
5/12/2015,110.26,34.86,36.5,61.6,11.61,32.19,21.68,538.7,41.14,47.35,80.41,0.52,31.3,50.55
5/11/2015,110.39,34.09,36.67,61.7,11.21,31.7,21.85,545.8,40.63,47.37,80.44,0.54,31.27,50.08
5/8/2015,110.2,34.01,36.38,62.72,11.37,32.24,21.24,549,40.13,47.75,80.87,0.51,31.4,50.03
5/7/2015,110.56,34.23,34.64,61.63,11.36,32.71,21.35,542,40.37,46.7,79.77,0.5,31.3,50.05
5/6/2015,110.33,32.86,34.65,61.57,11.37,33.64,20.69,535.1,41.68,46.28,79.87,0.54,31.39,49.57
5/5/2015,110.3,32.66,34.22,61.48,11,33.53,21.14,543,40.34,47.6,79.67,0.5,31.09,49.17
5/4/2015,109.93,32.83,35.05,61.2,11.01,33.48,21.21,552.8,39.99,48.24,80.06,0.55,31.08,49.38
5/1/2015,109.19,32.51,35,60.68,11.12,33.96,21.18,551.2,38.77,48.66,81.06,0.52,31.06,48.9
4/30/2015,109.24,32.75,34.94,61.78,11.32,32.8,21.01,548.8,38.57,48.64,81.65,0.49,31.52,49.27
4/29/2015,108.6,32.89,35.46,61.66,11.14,33.18,21.58,561.4,39.14,49.06,80.29,0.51,31.62,49.39
4/28/2015,110.11,32.69,35.76,61.5,11.24,33.38,22.28,564.4,39.14,49.16,67.92,0.51,31.12,49.18
4/27/2015,109.26,32.88,35.23,61.32,10.95,32.94,21.6,566.1,38.97,48.03,68.39,0.49,31.56,49.04
4/24/2015,109.72,32.77,35.41,61.6,10.87,33.03,22.19,573.7,38.93,47.87,67.81,0.5,31.62,49.22
4/23/2015,110.81,32.69,35,61.2,11.08,33.04,22.84,557.5,39.14,43.34,64.94,0.5,31.52,49.01
4/22/2015,111.03,32.65,34.7,61.27,11.08,33.21,22.33,549.2,39.08,42.99,62.79,0.53,31.34,49.13
4/21/2015,110.52,33.16,34.15,60.88,10.04,32.84,22.77,542.9,37.87,42.64,63.05,0.55,31.45,49.27
4/20/2015,108.72,33.33,33.79,60.89,9.77,32.92,23.03,544.5,37.75,42.91,60.49,0.49,31.8,49.63
4/17/2015,109.81,33.13,33.67,61.16,9.86,32.71,23.08,532.7,37.24,41.62,60.33,0.52,31.56,49.47
4/16/2015,109.92,33.13,33.83,61.16,9.86,32.15,23.78,543.5,37.02,42.16,59.15,0.52,31.56,49.47
4/15/2015,110.16,32.89,33.89,59.62,10.24,32.15,23.18,541,36.68,42.26,59.15,0.52,31.49,48.92
4/14/2015,109.53,32.65,33.74,60.63,10.12,30.91,23.86,539.8,36.64,41.65,59.02,0.51,31.41,48.63
4/13/2015,109,32.97,33.37,61.87,10.12,30.76,24.21,548.6,36.72,41.76,59.53,0.48,32.35,49.12
4/10/2015,107.94,32.75,33.26,61.21,10.03,31.09,24.33,548.5,37.08,41.72,60.37,0.53,31.11,48.56
4/9/2015,107.68,32.82,33.45,61,9.98,31.27,24.87,548,37.4,41.48,59.25,0.53,30.7,48.42
4/8/2015,108.22,32.62,33.19,61.51,9.86,30.93,24.33,548.8,37.95,41.42,59.75,0.54,31.02,48.73
4/7/2015,106.69,33.07,33.12,62.38,10,31.55,22.61,544.9,37.89,41.53,60.25,0.52,31.21,49.41
4/6/2015,108.1,33.28,33.22,62.68,10.18,32.51,20.94,544,37.36,41.55,62.61,0.52,31.14,49.64
4/3/2015,106.98,33.23,32.99,63.35,10.06,32.55,20.95,541.3,37.59,40.29,60.71,0.57,31.22,49.56
4/2/2015,106.66,33.2,32.99,62.63,9.89,32.45,20.95,541.3,37.3,40.29,61.19,0.57,30.4,49.3
4/1/2015,106.51,33.59,32.83,63.11,9.94,31.82,21.17,549.5,37.62,40.72,60.74,0.53,29.11,49.54
3/31/2015,106.95,32.9,32.59,61.77,9.77,31.65,21.06,554.7,37.62,40.66,60.45,0.53,28.49,48.95
3/30/2015,106.77,33.06,33.29,62.08,9.78,32.11,21.06,561.1,37.4,40.96,59.79,0.55,28.5,49.27
3/27/2015,106.36,32.76,33.84,60.93,9.68,32.61,21.07,557.6,37.51,40.97,60.28,0.55,28.02,48.84
3/26/2015,105.43,33.13,34.31,61.65,9.78,32.03,18.5,563.6,37,41.21,62.63,0.58,28.07,48.73
3/25/2015,105.63,32.62,34.85,59.59,9.6,32.39,17.54,567,36.65,41.46,64.05,0.5,26.64,47.68
3/24/2015,106,32.78,34.49,59.43,9.39,32.4,18.02,577.5,35.99,42.9,62.88,0.49,26.14,47.51
3/23/2015,106,33.35,34.74,60.51,9.46,32.37,17.84,565.4,36.1,42.86,62.15,0.49,26.72,48.23
3/20/2015,105.44,33.48,34.74,60.59,9.52,32.81,17.81,565,35.86,42.88,63.66,0.5,27.04,48.29
3/19/2015,104.89,34,34.16,61.55,9.56,33.08,17.8,563.7,36.18,42.29,64.87,0.53,27.17,48.92
3/18/2015,106.12,34,34.42,62.46,9.38,33.56,17.95,566.2,36.24,42.5,66.81,0.5,27.18,49.07
3/17/2015,105.48,34.41,33.53,62.8,9.73,33.8,18.3,557.6,36.18,41.7,67.11,0.5,27.96,49.55
3/16/2015,105.24,34.64,33.64,61.75,9.82,34,17.89,561.6,36.18,41.56,67.82,0.52,27.35,49.47
3/13/2015,105,34.56,33.46,59.1,9.76,32.65,17.39,553,36.33,41.38,68.61,0.5,27.46,49.45
3/12/2015,107.11,34.5,33.48,59.14,9.87,32.3,17.85,561.2,35.28,41.02,67.84,0.48,27.97,49.37
3/11/2015,108.22,34.21,33.3,59.78,9.93,32.45,18.02,555.7,35.9,41.98,69,0.54,28.12,49.2
3/10/2015,108.43,34.05,33.48,59.4,10.06,32.94,17.78,559.9,34.25,42.03,68.33,0.56,28.54,49.22
3/9/2015,107.37,33.85,34.31,59.67,10,33,17.78,574.1,34.25,42.85,67.84,0.57,28.36,48.77
3/6/2015,107.97,34.08,34.46,59.5,9.72,32.34,18.31,572.9,33.53,42.36,67.41,0.57,27.9,48.97
3/5/2015,106.96,34.09,35.07,59.54,10.13,30.93,18.46,581.4,33.71,43.11,68.31,0.58,28.36,48.91
3/4/2015,107.37,34.49,35.02,59.81,9.97,31.1,17.64,578.3,34,43.06,67.8,0.57,28.05,48.94
3/3/2015,106.44,34.71,34.73,60.2,9.46,30.9,17.81,578.8,33.71,43.28,67.87,0.59,26.79,49.18
3/2/2015,107.17,34.66,35.09,59.83,9.46,30.8,17.52,575,33.93,43.88,67.14,0.57,26.55,49.31
2/27/2015,102.89,34.66,34.98,59.83,9.46,31.45,16.69,562.6,33.93,43.85,66.59,0.49,26.55,49.31
2/26/2015,103.09,34.61,34.74,57.77,9.39,31.45,15.73,559.3,34.01,44.06,66.59,0.59,25.68,49.52
2/25/2015,105.26,34.39,34.34,56.75,9.36,30.35,14.92,547.3,34.35,43.99,65.25,0.59,25.18,49.81
2/24/2015,103.82,34.85,34.4,57,9.57,30.6,14.67,538.7,34.54,44.09,64.98,0.58,25.46,49.51
2/23/2015,105.03,34.64,34.17,56.76,9.6,30.84,14.3,535,34.56,44.15,64.85,0.6,25.27,49.09
2/20/2015,105.57,34.87,34.1,56.74,9.6,30.05,14.25,541.8,34.64,43.86,63.3,0.66,25.05,49.33
2/19/2015,106.35,34.54,33.65,56,9.74,29.91,14.17,546.5,34.11,43.5,63.48,0.64,25.1,47.86
2/18/2015,105.89,34.41,33.75,56.74,9.2,29.19,14.21,542.7,33.96,43.53,64.13,0.62,25.85,47.8
2/17/2015,104.08,34.34,33.96,56.92,9.28,30.1,14.21,545,34.14,43.58,64.1,0.6,25.53,47.83
2/16/2015,104.56,33.56,33.86,55.37,9.01,29.57,14.37,551.2,34.71,43.87,65.27,0.64,24.93,46.98
2/13/2015,105.57,32.92,33.86,54.81,9.05,29.28,14.37,551.2,33.7,43.87,63.01,0.74,24.74,45.71
2/12/2015,104.67,32.96,34.79,55.72,9.27,28.99,14.4,546,33.79,43.09,63.11,0.75,24.85,46.11
2/11/2015,104.99,32.68,35.04,56.29,9.28,29.74,14.26,538,33.71,42.38,63.4,0.66,25.01,46.05
2/10/2015,104.55,32.81,34.47,57.08,9.39,29.78,13.96,540.2,33.8,42.6,63.21,0.72,26.2,46.35
2/9/2015,103.89,33.18,33.08,57.06,9.55,30.05,14.15,529.3,34.72,42.36,64.88,0.77,26.3,46.96
2/6/2015,103.86,33.37,33.58,55.88,9.85,30.06,14.3,533.9,34.62,42.41,63.79,0.75,26.65,47.15
2/5/2015,104.12,33.79,33.95,56.73,9.74,29.84,14.48,529.8,34.79,42.45,62.49,0.79,26.47,47.8
2/4/2015,104.17,34,32.01,56.19,9.5,30.06,14.11,526.1,34.86,41.84,61.21,0.73,25.5,48.25
2/3/2015,104.17,33.95,32.14,55.47,9.57,29.46,14,533.3,34.97,41.6,58.47,0.75,25.14,48.18
2/2/2015,103.58,33.8,31.12,55.56,9.69,29.25,13.3,532.2,35.01,41.28,49.83,0.79,24.83,47.99
1/30/2015,101.87,33.8,31.39,55.56,9.69,29.42,13.88,537.6,35.12,40.4,48.19,0.77,24.83,47.99
1/29/2015,101.92,33.26,32.38,53.55,9.69,29.42,14.14,513.2,34.93,42.01,48.19,0.77,24.57,47.1
1/28/2015,101.73,33.33,32.04,54.47,9.78,29.47,14.04,512.4,35.35,41.19,46.25,0.79,24.83,46.97
1/27/2015,102.02,33.49,32.14,55.6,10.05,30,14.34,521.2,35.54,42.66,46.32,0.86,25.88,47.18
1/26/2015,102.64,33.49,32.15,54.85,9.99,31.21,14.45,536.7,34.93,47.01,46.26,0.83,25.74,47.08
1/23/2015,101.28,33.4,32.29,54.56,9.85,31.64,13.94,542,33.26,47.18,45.55,0.87,26,46.76
1/22/2015,94.1,33.5,31.82,53.74,9.78,32.03,13.8,537.3,33.76,47.13,47.04,1.08,25.72,47.18
1/21/2015,91.93,33.17,31.91,53.11,9.73,32.47,13.63,520.4,34.94,45.92,47.78,1.05,25.47,46.19
1/20/2015,90.96,33.6,31.47,53.19,9.48,32.21,14.11,509.9,34.94,46.39,46.74,1.05,25.62,47.04
1/19/2015,93.22,33.55,31.11,54.26,9.6,31.98,14.4,510.5,34.52,46.24,46.5,1.05,26.02,46.57
1/16/2015,92.67,33.87,31.11,54.79,11,33.06,14.4,510.5,34,46.24,47.31,1.1,26.81,46.96
1/15/2015,93.97,33.59,30.54,55.34,10.59,34.48,13.74,504,33.64,45.48,49.85,1.06,27.36,46.78
1/14/2015,94.97,33.59,30.64,55.34,10.59,34.45,14.19,505.9,33.88,45.96,48.8,1.21,27.36,46.78
1/13/2015,94.72,34.08,30.13,55.83,10.53,34.45,13.91,501.8,33.45,46.36,48.8,1.14,27.83,47.33
1/12/2015,95.15,34.11,30.04,56.45,10.31,35.22,13.65,497.1,33.96,46.6,49.03,1.16,27.92,47.55
1/9/2015,94.17,34.17,29.74,55.98,9.96,35.46,14.02,500.7,34.45,47.19,48.85,1.09,27.95,47.86
1/8/2015,94.74,33.96,30.09,55.7,10.19,34.87,13.95,506.9,33.71,47.59,48.58,1.14,27.79,47.67
1/7/2015,95.18,33.96,29.78,55.7,10.19,34.89,13.99,505.2,33.63,46.23,48.87,1.28,27.79,47.67
1/6/2015,95.18,34.03,29.3,55.83,9.85,34.89,14.43,506.6,33.33,45.65,48.87,1.35,27.53,47.67
1/5/2015,94.35,33.85,29.88,54.64,9.83,35.08,14.94,519.5,33.63,46.33,48.06,1.34,27.07,47.51
1/2/2015,94.23,33.54,30.67,55.18,9.85,34.6,15.5,529.6,33.65,46.76,48.1,1.29,27.09,47.02
1/1/2015,95.19,33.51,31,54.6,9.81,35.43,15.62,530.7,33.38,46.45,48.59,1.24,26.82,47.05
12/31/2014,94.46,32.67,31,53.3,9.26,35.41,15.62,530.7,33.61,46.45,47.77,1.19,26.5,46.44
12/30/2014,94.25,32.14,31.32,52.11,9.22,34.22,15,535.3,32.06,47.02,47.66,1.28,25.51,45.53
12/29/2014,93.79,32.25,31.35,52.9,8.6,33.19,15.26,537.3,31.79,47.45,45.21,1.29,24.85,45.42
12/26/2014,92.83,32.16,32.08,53.48,8.78,32.87,14.85,541.5,30.15,47.88,46.72,1.34,25.47,45.58
12/25/2014,91.89,32.71,32.19,52.49,9.2,33.38,14.65,536.9,30.17,48.14,47.78,1.18,25.75,46.36
12/24/2014,92.38,32.49,32.19,51.59,8.29,34.05,14.65,536.9,30.05,48.14,47.8,1.18,26.22,46.18
12/23/2014,93.75,32.89,32.1,52.48,8.42,33.9,14.62,538.8,30.05,48.45,47.76,0.95,27.3,46.92
12/22/2014,94.19,33.88,32.18,53.61,8.26,34.64,14.55,532.3,29.87,47.98,49.11,0.85,27.59,48.9
12/19/2014,94.19,33.94,31.76,55.09,8.12,33.67,15.02,520,29.65,47.66,48.5,0.81,27.75,48.61
12/18/2014,94.7,33.91,31.59,54.85,7.95,33.97,13.69,514.6,30.43,47.52,50.13,0.95,27.1,48.78
12/17/2014,95.5,34,31.49,55.23,7.87,34.43,13.87,506.5,30.35,45.74,50.09,0.92,28.18,48.79
12/16/2014,95.03,34.29,31.58,54.31,7.73,35.31,13.44,498.2,30.47,45.16,50.73,0.95,28.56,49.11
12/15/2014,94.42,35.06,31.41,54.47,7.73,34.92,13.34,515.8,30.6,46.67,50.33,0.94,28.52,50.03
12/12/2014,94.42,35.38,30.96,54.88,7.76,34.69,13.33,521.5,30.21,46.95,48.83,0.94,29.16,50.59
12/11/2014,94.69,35.13,32.2,54.2,7.81,34.9,13.47,532.1,29.49,47.17,49.51,0.95,29.57,50.04
12/10/2014,94.2,35.13,32.09,54.2,7.81,34.73,13.46,528,29.56,46.9,50.17,0.78,29.57,50.04
12/9/2014,92.89,34.82,32.16,54.65,7.88,34.73,13.81,536.1,30.03,47.59,50.17,0.78,29.95,49.34
12/8/2014,92.61,34.7,32.57,53.53,7.91,34.81,13.15,530.7,30.9,47.7,49.86,0.78,29.77,49.5
12/5/2014,91.38,35.28,32.72,53.55,7.96,34.59,13.25,528.1,30.9,48.42,50.92,0.87,28.5,50.21
12/4/2014,90.17,35.28,32.34,53.67,7.79,33.75,13.3,542.6,31.1,48.84,51.47,0.92,27.64,50.19
12/3/2014,90.9,35.37,32.06,53.34,7.69,33.92,13.25,537,30.64,48.08,52.59,0.89,27.31,50.49
12/2/2014,91.49,35.72,32.71,52.54,7.69,32.97,13.17,538.6,30.73,48.46,51.87,0.92,27.33,51.22
12/1/2014,91.75,35.85,32.39,52.88,7.65,33.36,12.9,539.7,30.49,48.62,54.43,0.95,27.54,51.4
11/28/2014,91.63,35.9,31.98,53.41,7.56,32.53,13.8,549.1,30.49,47.81,54.45,0.95,28.09,51.5
11/27/2014,92.94,35.61,31.99,51.87,7.52,33.53,13.65,547.7,30.14,47.75,55.15,0.96,27.35,51.2
11/26/2014,93.8,35.4,31.99,51.57,7.43,32.86,13.65,547.7,30.01,47.75,54.2,0.94,27.24,50.82
11/25/2014,93.76,35.1,31.11,51.84,7.25,31.86,13.28,549.2,29.99,47.47,54.84,0.96,27.54,50.61
11/24/2014,93.23,35.12,30.99,52.13,7.18,31.99,13.5,547.5,29.6,47.59,54.65,1,26.85,50.72
11/21/2014,93.11,34.91,29.73,51.31,7.19,32.26,13.05,545.9,29.66,47.98,55.32,1.01,27.04,50.86
11/20/2014,93.47,34.72,29.5,52.13,7.11,32.62,13,543.8,29.23,48.7,54.88,0.95,27.34,50.28
11/19/2014,92.7,34.92,29.95,52.5,7.12,32.9,12.8,547.2,29.69,48.22,54.76,0.98,27.06,50.34
11/18/2014,92.51,34.79,29.92,51.99,7.16,34.47,12.99,544.5,29.51,48.74,54.34,0.85,28.12,50.33
11/17/2014,91.92,34.84,29.49,54.43,7.26,33.31,13.12,546.6,29.48,49.46,54.68,0.84,28.98,50.39
11/14/2014,91.92,34.84,29.35,54.22,7.26,35.67,13.13,555.2,29.56,49.58,55.49,0.84,29.05,50.25
11/13/2014,91.65,34.51,29.16,53.89,7.14,35.35,13.28,556.4,30.13,49.61,56.11,0.83,28.94,49.9
11/12/2014,90.58,34.4,29.14,54.06,6.91,35.94,13.54,558.3,30.16,48.78,54.14,0.89,28.82,49.83
11/11/2014,88.96,34.33,29.39,54.07,6.9,37.02,13.42,561.3,30.46,48.87,54.01,0.95,28.71,49.96
11/10/2014,88.9,34.11,29.82,53.52,6.7,37.24,14,558.2,30.31,48.89,55.17,0.95,28.03,49.42
11/7/2014,89.82,33.87,29.76,53.52,6.73,36.52,14.12,551.8,30.83,48.68,54.2,0.93,27.98,48.77
11/6/2014,90.28,33.66,29.47,53.75,6.69,36.61,13.42,551.7,30.95,48.7,55,0.98,27.92,48.22
11/5/2014,90.41,34.5,29.71,52.91,6.74,35.97,13.46,556,31,47.86,54.72,1,27.27,48.31
11/4/2014,90.8,34.62,29.13,54.24,6.78,34.89,13.48,564.2,31.38,47.57,53.52,1,28.3,48.69
11/3/2014,90.49,34.28,29.39,53.47,6.8,36.25,13.42,563.8,31.24,47.44,52.28,1,27.27,48.48
10/31/2014,89.9,34.08,29.5,52.35,6.71,34.65,12.94,567.9,31.24,46.95,51.32,1,26.88,48.07
10/30/2014,89.98,33.64,29.45,51.18,6.55,34.65,13.2,560.3,31.34,46.05,51.01,0.96,27.17,47.67
10/29/2014,89.78,33.87,30.1,50.75,6.34,34.19,12.73,558.5,31.13,46.62,51.67,0.96,26.15,47.92
10/28/2014,90,33.84,30.48,49.93,6.37,34.45,12.98,558.9,30.41,46.49,64.08,1.01,25.17,48.22
10/27/2014,92,33.82,29.88,48.91,6.45,34.31,12.19,549.9,30.27,45.91,64.16,1,24.18,48.37
10/24/2014,91,34.25,29.92,49.91,6.52,33.91,12.54,548.9,30.05,46.13,62.65,1,23.94,48.94
10/23/2014,90.35,34.66,30.13,50.72,6.63,35.07,12.79,553.7,30.39,45.02,64.58,1,25.18,48.93
10/22/2014,91.71,35.15,29.77,52.59,6.85,35.79,12.72,542.7,30.22,44.38,65.95,0.94,25.89,49.87
10/21/2014,91.38,35.33,29.96,52.16,6.77,37.16,13.07,538,30.33,44.88,66.69,0.86,25.16,49.68
10/20/2014,90.22,35.49,29.52,52.77,6.8,36.2,13.24,532.4,30.44,44.08,65.18,0.87,25.52,50.08
10/17/2014,89.53,35.36,29.2,53.08,6.77,36.85,12.63,523,30.6,43.63,66.21,0.89,25.85,49.71
10/16/2014,89.93,34.97,29.03,52.34,6.67,37,13.62,536.9,30.18,42.74,65.65,0.94,25,49.29
10/15/2014,88.45,34.96,29,52.81,6.65,36.27,13.21,540.7,28.99,43.22,64.28,0.99,25.79,49.43
10/14/2014,88.61,35.24,29.34,53.5,6.74,36.31,13.39,548.7,28.85,43.73,62.69,0.95,26.09,49.99
10/13/2014,87.99,35.23,29.42,54.32,6.88,37.8,13.16,544.8,29,43.65,64.45,0.95,26.54,49.75
10/10/2014,87.1,35.28,29.51,54.56,6.87,37.71,13.3,555.2,29.14,44.03,64.22,0.95,26.32,49.77
10/9/2014,87.54,35.08,29.47,53.84,6.74,39,13.01,570.8,29.11,45.85,64.11,0.95,26.17,49.61
10/8/2014,85.52,35.4,30.42,54.85,6.81,38.09,13.56,583.7,29.55,46.78,63.36,1,25.64,50.07
10/7/2014,83.83,35.26,29.69,55.03,6.82,38.11,13.55,574.1,29.46,45.53,64.37,1.02,25.48,49.91
10/6/2014,81.74,35.5,30.21,54.62,6.9,38.22,13.95,587.8,29.36,46.09,63.41,0.98,26.21,50.18
10/3/2014,82.08,35.47,30.13,55.91,6.94,39.35,13.59,586.3,28.95,46.09,63.25,0.93,27.1,50.35
10/2/2014,84.14,35.16,30.37,56.5,6.93,40.5,13.57,580.9,29.06,45.76,65.36,0.93,27.14,49.69
10/1/2014,83.91,35.02,30.67,56.84,6.93,39.97,13.81,579.6,28.53,45.9,65.57,1.02,27.37,49.21
9/30/2014,86.27,34.95,30.74,56.9,6.94,39.95,14.07,588.4,28.76,46.36,64.93,1.02,27.51,48.96
9/29/2014,85.71,34.69,31.11,56.74,6.91,39.46,13.72,587.8,28.55,46.44,65.27,1,27.9,48.56
9/26/2014,88.11,34.5,31.35,57.26,6.99,39.35,13.82,587.9,27.86,46.41,65.39,0.98,28.02,48.4
9/25/2014,87.11,34.85,31.32,58.13,7.04,39.66,12.97,585.3,27.94,46.04,68.08,0.92,28.13,49.01
9/24/2014,88.56,34.7,31.85,57.64,6.91,40.37,13.28,598.4,27.96,47.08,68.79,0.95,28.15,48.75
9/23/2014,88.45,34.66,31.77,57.86,7,40.97,13.44,591.2,27.8,46.56,69.2,1.01,28,48.9
9/22/2014,86.79,35.01,32.11,59.06,7.04,40.91,13.3,597.3,27.94,47.06,68.43,1,28.69,49.53
9/19/2014,87.49,35.15,32.51,59.4,7.11,42.44,13.34,605.4,27.72,47.52,68.48,0.93,29.12,49.94
9/18/2014,89.03,34.94,32.37,59.43,7.03,43.44,13.38,597.3,27.46,46.68,67.95,0.93,29.08,49.72
9/17/2014,88.83,34.97,31.7,58.53,6.97,43.5,12.9,593.3,26.67,46.52,67.52,0.9,28.96,49.88
9/16/2014,88.74,34.84,31.68,58.83,6.92,43.46,12.75,588.8,26.92,46.76,68.2,0.9,29.12,49.77
9/15/2014,88.07,34.96,31.65,59.29,6.94,44.01,13.02,581.6,26.78,46.24,68.09,0.9,29.05,49.82
9/12/2014,89.45,34.96,31.7,59.29,6.94,43.72,13.09,584.9,26.52,46.7,68.23,0.91,29.05,49.82
9/11/2014,88.31,34.74,31.58,59.55,6.97,43.72,13.13,591.1,26.19,47,68.23,0.94,28.88,49.41
9/10/2014,89.29,34.75,31.8,60.42,6.98,43.76,13.15,593.4,26.18,46.84,67.89,0.92,29.27,49.43
9/9/2014,90.49,34.5,31.28,60.02,6.96,43.78,13,592,26.32,46.76,67.81,1.01,28.64,49.25
9/8/2014,90.34,34.51,31.22,60.63,6.99,44.09,13.65,601.6,26.41,46.47,68.48,1,29.05,49.15
9/5/2014,90.33,34.5,31.95,60.5,7.01,43.91,13.99,597.8,26.57,45.91,68.7,1,29.19,48.64
9/4/2014,90.27,34.64,31.79,60.36,7.07,44.3,14.2,593.1,27.46,45.26,68.46,1,29.77,48.87
9/3/2014,90.08,34.53,31.92,60.43,7,44.76,13.59,589.5,27.59,44.96,67.44,1.01,29.44,48.82
9/2/2014,89.67,34.48,31.84,60.74,7.03,44.83,13.13,588.6,27.15,45.09,67.46,1.01,29.15,48.7
9/1/2014,89.97,34.65,32.33,60.23,7.14,44.43,12.41,582.4,27.26,45.43,66.88,1.01,29.45,48.78
8/29/2014,89.52,34.74,32.33,59.99,7.07,44.39,12.41,582.4,27.39,45.43,66.57,1,29.01,48.8
8/28/2014,89.6,34.91,32.35,59.46,7.04,43.49,12.33,580.3,27.45,44.88,65.58,1.07,29.96,49
8/27/2014,90.56,34.69,31.75,59.34,7.02,42.77,12.4,583,27.69,44.87,64.41,1.07,30.24,48.92
8/26/2014,90.94,34.64,31.59,58.91,7.09,42.71,12.48,588.1,27.64,45.01,64.5,1.07,30.76,48.84
8/25/2014,90.14,34.47,31.86,60.18,7.53,42.32,12.5,590.6,27.91,45.17,63.77,1.04,32.29,48.67
8/22/2014,90.94,34.47,31.54,59.23,7.55,42.5,12.6,592.5,27.84,45.15,64.51,1.26,32.28,48.7
8/21/2014,90.8,34.21,31.42,56.9,7.55,42.28,12.45,592.4,27.9,45.22,63.69,1.24,32.15,48.65
8/20/2014,89.88,34.62,31.33,57.65,7.53,40.98,11.57,595.4,27.79,44.95,64.24,1.27,32.3,49.13
8/19/2014,89.88,35.11,31.38,56.99,7.59,42.41,11.81,597.1,28.23,45.33,61.47,1.35,31.81,49.66
8/18/2014,90.23,35.46,31.17,57.68,7.67,43.04,12.05,592.7,28.24,45.11,60.41,1.49,32.63,50.21
8/15/2014,90.37,35.33,31.14,57.03,7.6,43.1,12.16,583.7,27.94,44.79,60.39,1.48,32.35,49.83
8/14/2014,90.02,35.59,30.92,56.83,7.55,42.57,12.32,584.7,27.85,44.27,60.77,1.42,32.31,50.42
8/13/2014,90.38,36.36,30.85,57.71,7.6,43.53,12.19,584.6,27.81,44.08,60.39,1.5,33.18,51.76
8/12/2014,90.49,36.59,31.63,57.48,7.73,42.76,12.14,572.1,27.95,43.52,62.05,1.46,32.97,51.97
8/11/2014,90.38,35.65,31.5,57.71,7.76,42.36,12.36,577.3,28.21,43.2,60.61,0.97,33.35,51.58
8/8/2014,89.84,35.54,31.42,57.73,7.74,42.47,11.95,577.9,28.56,43.2,60.67,0.95,33.61,51.28
8/7/2014,90.09,35.5,31.88,58.51,7.69,42.34,11.67,571.8,28.08,43.23,60.27,1.04,33.53,51.05
8/6/2014,89.97,35.88,32.02,58.97,7.74,42.34,11.89,574.5,27.72,42.74,60.77,1.05,33.98,50.91
8/5/2014,89.28,35.94,31.93,59.4,7.68,42.31,11.91,573.1,27.72,43.08,61.13,1.06,34.45,50.98
8/4/2014,88.61,35.96,32.06,60.43,7.77,42.76,11.74,582.3,27.58,43.37,61.58,1.01,33.95,50.7
8/1/2014,87.6,36.17,32.14,61.5,7.85,43.03,11.42,573.6,27.27,42.86,64.56,1.27,34.01,50.75
7/31/2014,87.21,36.03,32.76,61.63,7.78,43.47,11.32,579.6,27.11,43.16,63.45,1.13,33.39,50.32
7/30/2014,87.5,36.45,32.93,60.85,7.81,43.42,11.47,595.4,27.33,43.58,62.77,1.09,32.95,50.96
7/29/2014,86.85,36.24,32.82,59.5,7.81,42.66,11.42,594,27.1,43.89,63.49,1.05,33.1,50.71
7/28/2014,85.51,35.86,32.66,60.68,7.83,40.12,11.15,599,26.93,43.97,64.16,1.04,33.27,50.53
7/25/2014,86.59,35.76,32.65,61.35,7.8,39.96,10.67,598.1,27.01,44.5,64.65,1.05,34.17,50.32
7/24/2014,86.75,35.7,32.94,61.8,7.75,40.15,10.99,603,26.92,44.4,62.85,1,33.72,49.64
7/23/2014,87.24,35.65,33.27,63.93,7.99,39.82,11.02,605.2,27.18,44.87,62.65,0.93,34.98,48.9
7/22/2014,85.38,35.56,33.31,63.39,7.91,40.21,11.44,603.6,26.64,44.83,63.29,0.84,34.49,48.76
7/21/2014,85.88,36.02,32.83,63.61,8.13,38.75,11.51,598.4,26.79,44.84,63.58,0.84,35.43,49.75
7/18/2014,87.21,35.84,33.02,64.3,8.17,38.85,11.25,605.1,26.41,44.69,65.8,0.89,35.9,49.71
