Date,Disney,AAL,BOALF,FUN,MCD,SEAS,SIX
10/24/2017,103.44,46.46,5.55,62.2,172.87,12.15,62.09
10/23/2017,103.6,47.51,5.55,63.63,171.97,12.15,61.27
10/20/2017,103.69,47.45,5.55,63.53,170.43,12.38,60.82
10/19/2017,103.17,47.36,5.55,63.88,171.34,12.19,60.65
10/18/2017,104.74,47.84,5.55,63.55,168.96,12.31,60.36
10/17/2017,104.78,46.82,5.55,63.2,169.11,12.48,59.9
10/16/2017,102.68,47.25,5.55,63.37,169.05,12.53,61.51
10/13/2017,101.18,47.56,5.55,63.32,169.05,13.12,61.97
10/12/2017,101.61,48.61,5.55,62.38,168.3,13.22,61.37
10/11/2017,100.64,51.02,5.55,62.83,166.93,13.68,61.15
10/10/2017,98.64,51.95,5.55,63.15,166.72,13.16,60.92
10/9/2017,98.35,50.98,5.55,63.55,168.09,13.69,61.28
10/6/2017,99.03,51.93,5.55,62.92,167.32,13.29,60.17
10/5/2017,97.81,51.51,5.55,63.11,168.11,13.19,61.23
10/4/2017,98.04,52.03,5.55,63.63,167.37,14.11,61.83
10/3/2017,98.31,52.07,5.37,63.89,165.59,13.49,61.07
10/2/2017,98.56,52.27,5.37,63.87,167,13.39,60.67
9/29/2017,97.8,52.7,5.37,64.12,170.1,12.99,60.94
9/28/2017,98.29,52.65,5.37,64.76,170.77,13.44,60.88
9/27/2017,98.7,52.83,5.4,64.42,170.07,12.59,59.93
9/26/2017,99.4,53.03,5.4,64.11,168.65,12.1,58.02
9/25/2017,99.01,50.6,5.4,63.56,168.1,12.16,57.77
9/22/2017,98.25,51.3,5.4,64.24,166.37,12.39,58.96
9/21/2017,98.36,50.56,5.4,63.8,166.91,12.36,57.82
9/20/2017,98.13,50.73,5.4,63.61,166.23,12.41,56.75
9/19/2017,97.38,50.51,5.4,64.6,165.39,12.58,56.75
9/18/2017,96.93,47.73,5.4,65.07,164.01,12.61,57.07
9/15/2017,98.55,47.49,5.5,64.62,163.58,13.02,57.61
9/14/2017,99.58,47.49,5.5,64.96,163.88,13.22,57.4
9/13/2017,99.57,46.85,5.5,65,163.34,12.88,56.14
9/12/2017,100.07,47.58,5.5,64.74,166.3,13.2,55.29
9/11/2017,100.11,47.7,5.5,64.67,166.5,12.8,55.14
9/8/2017,100.55,47.06,5.5,63.32,165.77,12.2,52.67
9/7/2017,100.79,46.29,5.5,63.41,165.4,12.34,52.1
9/6/2017,99.86,45.42,5.5,65.35,165.01,12.7,53.6
9/5/2017,98.57,44.38,5.5,65.5,165.37,12.47,53.23
9/4/2017,98.05,45.31,5.5,66.8,163.91,12.63,53.62
9/1/2017,99.24,46,5.5,66.8,163.15,12.63,53.62
8/31/2017,98.63,46.19,5.5,69.38,160.58,12.98,54.57
8/30/2017,99.57,47,5.5,67.91,160.12,12.89,53.12
8/29/2017,98.6,46.29,5.5,67.84,159.6,12.99,52.38
8/28/2017,98.89,45.86,5.5,68.26,158.8,13.35,51.9
8/25/2017,99.21,43.6,5.5,67.81,157.21,13.78,53.07
8/24/2017,98.43,43.84,5.35,67.1,156.86,13.33,52.8
8/23/2017,98.1,44.31,5.35,66.3,156.96,13.29,52.28
8/22/2017,98.52,43.92,5.35,66.51,156.68,13.4,53.22
8/21/2017,97.9,45.31,5.35,66.26,157.49,13.01,53.23
8/18/2017,98.82,45.31,5.35,66.4,154.05,13.45,53.89
8/17/2017,97.89,44.74,5.35,66.35,153.35,13.51,54.75
8/16/2017,97.09,44.32,5.37,67.77,156.26,13.79,54.42
8/15/2017,97.07,44.56,5.37,65.91,158.91,13.84,53.8
8/14/2017,97.06,44.95,5.37,65.29,159.03,13.41,53.81
8/11/2017,101.5,45.25,5.37,64.38,159.88,12.76,54.32
8/10/2017,101.6,42.92,5.37,64.25,157.43,12.68,54.51
8/9/2017,101.5,43.97,5.37,65.27,156.68,12.78,54.6
8/8/2017,101.5,45.41,5.37,65.94,156.92,12.76,55.37
8/7/2017,101.2,45.71,5.37,66.22,157,13.61,55.33
8/4/2017,102.87,45.55,5.15,66.46,157,14.21,56.28
8/3/2017,102.57,46.03,5.15,65.25,156.33,13.86,55.6
8/2/2017,102.56,48.41,5.15,65.86,161.53,14.07,55.31
8/1/2017,102.41,48.52,5.15,69.08,159.71,15.27,56.86
7/31/2017,101.52,48.81,5.15,69.44,159.9,15.38,56.87
7/28/2017,101.5,48.35,5.15,69.42,158.22,14.42,57.99
7/27/2017,102.77,48.55,5.15,68.98,159.1,14.64,56.99
7/26/2017,101.17,49.4,5.15,69.47,159.81,15.04,59.23
7/25/2017,100.7,50,5.15,69.23,159.81,14.73,55.79
7/24/2017,101.38,50.58,5.15,69.5,159.97,14.48,55.62
7/21/2017,102.2,50.8,5.15,69.18,159.53,14.59,55.87
7/20/2017,101.51,50.55,5.15,69.35,159.38,14.68,56.28
7/19/2017,101.4,50.45,5.15,69.8,159.67,14.62,57.29
7/18/2017,101.99,51.06,5.15,70.2,158.82,14.35,57.01
7/17/2017,101.35,50.44,5.15,71.02,158.41,14.44,59.05
7/14/2017,102.83,50.49,5.15,70.87,158.81,14.93,58.64
7/13/2017,106.98,50,5.15,71.65,159.64,15.4,59.61
7/12/2017,106.35,51.01,5.15,70.55,158.36,15.07,59.51
7/11/2017,107.69,50.61,5.15,69.83,157.76,15.15,58.23
7/10/2017,109.12,51.28,5.15,69.32,157.89,15.59,57.7
7/7/2017,108.67,51.91,5.15,69.9,158.9,15.5,57.41
7/6/2017,110.61,52.34,5.15,70.73,157.62,15.18,57.68
7/5/2017,109.93,52.61,5.15,71,157.26,15.52,58.55
7/4/2017,109.96,53.15,5.15,71.8,157.3,16.34,59.56
7/3/2017,110,53.87,5.15,71.8,156.62,16.34,59.56
6/30/2017,106.94,54.22,5.15,72.1,154.92,16.27,59.61
6/29/2017,106.42,53.81,5.15,71.49,154.92,16.35,60.44
6/28/2017,107,53.8,5.15,70.85,154.97,16.25,61.26
6/27/2017,107.09,51.61,5.15,70.39,153.82,15.66,60.5
6/26/2017,107.36,52.66,5.15,70.54,154.72,15.1,60.08
6/23/2017,106.82,53.03,5.15,70.8,156.59,15.65,60.06
6/22/2017,105.75,52.05,5.15,70.78,154.04,15.81,60.8
6/21/2017,104.79,51.26,5.15,71.57,155.14,15.64,59.53
6/20/2017,105.09,50.39,5.15,71.38,155.85,15.65,57.77
6/19/2017,104.29,50.39,5.15,71.5,156.95,16.07,58.23
6/16/2017,104.38,50.32,5.35,70.68,156.51,16.45,58.43
6/15/2017,103.84,49.62,5.35,71.37,159.07,16.49,58.55
6/14/2017,103.59,49.25,5.35,71.95,151.85,17.07,59.65
6/13/2017,103.32,48.5,5.35,70.98,153.92,15.99,59.55
6/12/2017,103.35,48.78,5.35,70.65,154.21,16.12,60.03
6/9/2017,105.63,48.63,5.35,70.1,153.89,16.23,60.5
6/8/2017,107.46,48.97,5.35,70.47,153.96,16.65,61.01
6/7/2017,107.46,48.43,4.92,70.74,155.26,16.71,59.65
6/6/2017,106.25,48.03,4.92,70.5,155.28,17.02,58.34
6/5/2017,105.71,49.66,4.92,70.49,155.04,17.23,58.22
6/2/2017,106.86,48.79,4.92,71.04,156.58,17.61,59.84
6/1/2017,105.41,49.11,4.92,71.15,154.91,17.97,60.23
5/31/2017,105.57,49.39,4.92,71.02,155.52,17.85,60.38
5/30/2017,104.36,49.45,4.92,70.6,156.27,17.81,60.88
5/29/2017,104.22,49.48,4.92,70.76,153.09,18.08,60.85
5/26/2017,104.8,50.27,4.92,70.76,153.07,18.08,60.85
5/25/2017,103.94,51.43,4.92,71.19,152.5,18.21,61.03
5/24/2017,105.37,50.86,4.92,71.3,152.5,18.35,61.84
5/23/2017,105.51,49.74,4.92,70.64,153.16,18.55,61.3
5/22/2017,105.98,49.74,4.92,70.31,153.13,18.25,61.78
5/19/2017,106.14,49.52,4.92,70.54,154.3,18.07,61.44
5/18/2017,106.56,49.05,4.92,69.69,153.72,17.65,61.74
5/17/2017,107.04,48.41,4.92,69.64,153.96,17.89,61.26
5/16/2017,105.62,47.96,4.92,70.15,154.64,18,62
5/15/2017,104.32,48.74,4.92,71.13,154.8,18.06,61.92
5/12/2017,105.92,48.74,4.92,69.71,153.73,18.41,61.99
5/11/2017,105.5,48.02,5.17,69.58,154.07,18.79,62.63
5/10/2017,106.52,46.77,4.84,70.48,153.14,19.08,62.66
5/9/2017,107.18,46.66,4.84,70.47,151.99,18.11,62.72
5/8/2017,108.21,46.21,4.84,70,151.17,17.55,62.78
5/5/2017,107.94,45.22,4.84,70.31,150.68,17.48,63.52
5/4/2017,108.34,44.65,4.8,69.87,149.82,17.73,63.46
5/3/2017,108.41,44.92,4.8,71.13,148.47,18,61.74
5/2/2017,108.41,46.94,4.8,72.22,151.48,18.01,61.8
5/1/2017,107.27,46.68,4.8,72.29,151.43,17.77,62.05
4/28/2017,107.71,45.83,4.33,71.67,151.94,17.53,62.61
4/27/2017,107.02,46.54,4.33,71.47,151.23,17.9,62.87
4/26/2017,107.63,47.3,4.33,71.61,152.79,17.88,64.88
4/25/2017,107.52,47.08,4.33,70.89,153.74,17.5,61.57
4/24/2017,106.68,44.94,4.33,70.69,152.39,17.27,61.91
4/21/2017,106.31,44.51,4.33,70.98,150.89,17.23,61.57
4/20/2017,107.98,43.91,4.33,69.21,149.93,16.98,61.14
4/19/2017,109.13,43.92,4.33,69.08,149.86,16.65,60.28
4/18/2017,109.69,43.87,4.33,69.01,149.86,16.4,59.62
4/17/2017,109.58,42.08,4.33,68.49,149.78,16.48,59.8
4/14/2017,109.66,42.62,4.33,68.35,149.5,16.19,58.01
4/13/2017,112.07,43.98,4.33,68.35,147.82,16.19,58.01
4/12/2017,111.42,46.4,4.33,68.25,148.19,16.01,57.6
4/11/2017,111.99,46.61,4.33,68.43,148.15,16.26,57.78
4/10/2017,111.17,46.44,4.33,68.65,147.01,16.37,57.46
4/7/2017,111.62,45.15,4.33,68.68,146.41,16.72,57.53
4/6/2017,114.37,45.22,4.33,68.85,147.29,17.05,57.75
4/5/2017,114.73,44.4,4.33,68.04,146.28,17.94,57.59
4/4/2017,115.6,43.81,4.33,68.64,145.36,17.91,58.32
4/3/2017,115.84,44.23,4.33,68.46,144.21,18.31,58.93
3/31/2017,115.58,43.35,4.33,67.81,144.52,18.27,59.49
3/30/2017,115.18,43.35,4.33,68,144.36,18.29,59.7
3/29/2017,113.7,43.96,4.33,67.73,144.24,18.13,58.52
3/28/2017,114.44,43.93,4.33,67.73,143.96,18.14,58.29
3/27/2017,114.79,42.32,4.33,68.01,143.45,18.29,58.52
3/24/2017,113.73,41.81,4.33,68.1,142.62,18.13,58.61
3/23/2017,114.19,41.72,4.33,67.94,141.23,17.31,57.65
3/22/2017,113.78,41.31,4.33,67.92,141.15,17.23,57.58
3/21/2017,113.2,40.9,4.33,68.13,139.93,17.56,57.76
3/20/2017,113.2,42.45,4.33,68.13,140.87,17.7,58.52
3/17/2017,113.04,42.3,4.33,68.09,140.84,18.12,59.38
3/16/2017,113.07,42.54,4.33,67.96,141.7,18.88,58.94
3/15/2017,112.43,41.96,4.33,68.29,134.23,18.62,59.04
3/14/2017,112.58,42.6,4.33,67.78,133.41,18.32,58.94
3/13/2017,113.05,41.74,4.33,68.17,133.27,18.57,59.22
3/10/2017,113,41.73,4.33,68.12,132.64,18.64,59.7
3/9/2017,113.04,41.41,4.33,67.65,132.3,18.31,59.3
3/8/2017,113.2,40.35,4.33,67.5,131.35,18.23,59.21
3/7/2017,113.39,40.42,4.33,67.33,130.76,18.17,59.13
3/6/2017,113.18,41.7,4.33,67.46,130.76,18.38,59.84
3/3/2017,112.53,41.72,4.33,67.29,131.26,18.24,59.15
3/2/2017,113.05,42.13,4.33,67.35,131.2,18.59,59.78
3/1/2017,112.38,42.09,4.33,67.25,129.98,18.9,59.85
2/28/2017,112.14,41.21,4.33,68.48,129.96,19.27,60.61
2/27/2017,112.24,42.37,4.33,68.64,130.15,18.78,60.01
2/24/2017,112.08,43.9,4.33,68.39,130.41,18.62,59.34
2/23/2017,111.75,43.33,4.33,68.29,129.29,18.85,59.36
2/22/2017,112.71,44.89,4.33,67.5,129.61,19.24,59.08
2/21/2017,111.76,44.84,4.33,67.4,129.61,19.31,61.16
2/20/2017,111.71,45.31,4.33,66.5,129.32,19.21,61.65
2/17/2017,111.87,46.82,4.33,66.5,128.84,19.21,61.65
2/16/2017,112.31,45.72,4.33,66.59,129.45,19.24,61.79
2/15/2017,111.52,47.09,4.33,65.95,129.49,19.26,61.64
2/14/2017,110.92,46.36,4.33,63.95,129.34,19,60.91
2/13/2017,111.03,46.32,4.33,63.94,129,19.07,60.29
2/10/2017,110.84,46.28,4.33,63.11,129.1,18.94,60.5
2/9/2017,110.86,46.1,4.33,63.35,128.52,19.07,60.48
2/8/2017,110.67,46.32,4.33,63.87,128.78,18.93,60.8
2/7/2017,111.24,46.81,4.33,63.12,128.64,18.76,59.85
2/6/2017,110.59,46.91,4.33,62.58,127.98,18.41,60.57
2/3/2017,111.04,46.91,4.33,62.19,127.88,18.31,60.69
2/2/2017,110.09,46.97,4.33,62.61,127.8,18.31,60.52
2/1/2017,110.23,47.54,4.33,62.86,127.61,18.27,60.35
1/31/2017,110.32,46.57,4.33,62.53,127.98,18.11,59.58
1/30/2017,109.73,47.41,4.33,63.1,128.14,18.36,59.65
1/27/2017,110.12,46.45,4.33,63.09,128.09,18.48,60.5
1/26/2017,110.01,46.3,4.33,63.97,128.07,18.81,60.83
1/25/2017,110.06,45.06,4.45,63.5,128.03,18.71,60.79
1/24/2017,110.06,45.17,4.45,63.85,127.9,18.78,61.25
1/23/2017,110.71,45.3,4.45,63.67,128.23,18.74,60.89
1/20/2017,110.18,44.2,4.27,63.95,129.05,18.9,60.54
1/19/2017,110.33,44.01,4.27,63.94,127.65,18.67,60.13
1/18/2017,109.65,44.05,4.27,64.08,126.99,18.84,60.61
1/17/2017,109.26,44.25,4.27,63.4,128.65,18.71,60.51
1/16/2017,109.49,44.9,4.27,63.35,128.27,18.71,60.6
1/13/2017,109,46.95,4.27,63.35,127.85,18.71,60.6
1/12/2017,109,49.59,4.27,63.01,128.04,18.63,60.57
1/11/2017,109.57,47.91,4.27,62.88,127.8,18.93,60.93
1/10/2017,110.3,47.54,4.27,63.38,127.8,18.84,60.68
1/9/2017,110.61,46.94,4.27,63.77,126.7,18.52,60.4
1/6/2017,111.3,48,4.15,64.37,126.48,18.73,60.62
1/5/2017,110.65,47.26,4.15,64.21,125.81,18.99,60.6
1/4/2017,110.94,47.64,4.15,63.75,125.54,19.12,60.01
1/3/2017,109.3,46.75,4.15,63.53,125.82,19.5,60.06
1/2/2017,108.06,47.65,4.15,64.2,124.48,18.93,59.96
12/30/2016,108.04,47.65,4.15,64.2,124.67,18.93,59.96
12/29/2016,107.9,48.1,4.15,64.06,124.59,19.16,60.3
12/28/2016,107.12,48.64,4.15,64.06,124.45,19.23,60.2
12/27/2016,107.66,48.48,4.15,64.5,124.24,19.39,59.91
12/26/2016,107.28,47.08,4.15,64.56,123.22,19.07,59.79
12/23/2016,108.16,46.21,3.9,64.56,122.42,19.07,59.79
12/22/2016,107.97,45.89,3.9,64.64,122.57,19.12,59.73
12/21/2016,108.06,46.7,3.9,64.29,123.02,19.08,60.06
12/20/2016,108.06,46.3,3.9,63.85,122.86,19.42,60.29
12/19/2016,107.53,46.69,3.9,63.77,121.88,19.52,59.77
12/16/2016,109.44,46.69,3.9,63.65,121.79,19.62,58.93
12/15/2016,108.38,47.25,3.9,63.12,121.05,19.52,58.81
12/14/2016,108.36,47.67,3.9,63.03,121.38,19.4,59.13
12/13/2016,108.98,48.61,3.9,62.43,122.26,19.5,59
12/12/2016,107.38,48.48,3.9,62.02,122.18,18.57,58.44
12/9/2016,107.44,48.48,3.9,62.24,122.71,18.66,59.15
12/8/2016,106.08,48.69,3.9,61.36,122.75,18.6,59.09
12/7/2016,104.22,49.47,3.9,61.42,121.5,18.26,59.52
12/6/2016,104.22,49.22,3.9,60.69,121.5,18.21,58.6
12/5/2016,104.56,48.58,3.9,60.23,122.1,18.12,57.57
12/2/2016,104.3,47.63,3.9,60.04,120.88,17.4,57.64
12/1/2016,105.17,48.3,3.8,60.12,120.25,17.09,57.4
11/30/2016,105.15,47.92,3.8,61.02,120.43,16.9,57.64
11/29/2016,105.15,47.84,3.8,60.98,120.76,17.08,57.48
11/28/2016,105.42,47.59,3.8,60.27,119.7,17.23,57.35
11/25/2016,105.56,49.64,3.8,59.95,119.48,17.6,57.83
11/24/2016,105.46,48.05,3.8,60.01,119.62,17.52,57.74
11/23/2016,105.3,48.65,3.8,60.01,121.72,17.52,57.74
11/22/2016,103.91,46.43,3.8,59.59,121.72,17.25,57.39
11/21/2016,104.39,45.72,3.8,60.25,122.79,17.35,56.98
11/18/2016,104.05,46.1,3.8,60.23,122.68,17.11,56.23
11/17/2016,103.85,45.75,3.8,60.37,123.07,16.97,55.95
11/16/2016,104.06,46.44,3.84,59.33,123.14,16.72,54.96
11/15/2016,104.86,46.89,3.84,58.42,123.14,16.66,54.06
11/14/2016,103.38,46.5,3.84,59.09,123.72,16.71,54.5
11/11/2016,101.99,46.82,3.84,60.89,123.18,17,56.17
11/10/2016,100.66,46.34,4.79,60.05,123.33,17.1,56.48
11/9/2016,99.96,46.34,4.79,60.25,122.99,16.4,56.89
11/8/2016,98.5,46.08,4.79,59.99,123.24,15.41,57.1
11/7/2016,98.94,46.08,4.79,59.49,122.36,14.25,56.71
11/4/2016,99.12,46.26,4.79,58.85,122.84,14.1,55.31
11/3/2016,99.67,45.83,4.79,58.95,122.68,14.06,55.27
11/2/2016,98.97,44.45,4.79,59.09,121.74,14.07,55.33
11/1/2016,98.82,44.76,4.79,56.64,121.26,14.1,55.42
10/31/2016,98.26,43.4,4.79,56.85,120.45,14.01,55.65
10/28/2016,98.26,42.93,4.79,56.81,119.92,14.22,54.17
10/27/2016,97.71,42.3,4.79,56.59,119.25,14.03,53.28
10/26/2016,97.63,42.41,4.79,57.11,119.29,14.18,53.89
10/25/2016,98.24,41.7,4.79,57.45,118.24,13.96,51.25
10/24/2016,99.37,41.49,4.79,57.28,118.47,14.07,51.75
10/21/2016,99.12,39.74,4.79,57.29,119.27,13.96,51.82
10/20/2016,97.7,39.38,4.79,57.25,120.68,13.95,51.55
10/19/2016,97.92,39.71,4.79,58.4,121.82,13.83,51.37
10/18/2016,97.68,39.8,4.79,58.03,120.66,13.6,51.09
10/17/2016,94.96,40.6,4.79,57.52,120.14,13.63,50.89
10/14/2016,94.64,40.06,4.79,56.92,120.14,13.67,50.75
10/13/2016,94.38,39.91,4.79,56.69,119.69,13.81,50.68
10/12/2016,94.43,39.32,4.79,57.37,119.5,14.26,51.09
10/11/2016,92.45,39.69,4.79,57.79,120,14.54,51.28
10/10/2016,93.37,39.83,4.79,58.64,119.45,14.29,51.88
10/7/2016,91.91,39.9,4.79,58.01,119.21,14.22,52.51
10/6/2016,92.39,40.59,4.79,57.83,118.32,14.22,52.96
10/5/2016,92.69,40.63,4.79,57.72,117.86,14.37,53.05
10/4/2016,93.85,39.35,4.79,57.83,114.22,14.19,54.17
10/3/2016,94.02,38.58,4.79,57.15,114.51,14.14,54.29
9/30/2016,93.49,38.65,4.79,57.29,114.98,13.48,53.61
9/29/2016,92.75,39.24,4.79,57.5,114.11,13.54,53.25
9/28/2016,93.37,37.38,4.79,58.06,112.82,13.51,53.61
9/27/2016,93.03,38.2,4.79,58.96,111.04,13.72,54
9/26/2016,92.03,38.89,4.79,59.44,111.72,13.4,54
9/23/2016,91.93,37.73,4.79,60.58,112.39,13.46,53.72
9/22/2016,91.17,38.17,4.79,60.63,112.25,13.23,53.73
9/21/2016,90.83,37.87,4.79,60.31,112.57,12.28,52.3
9/20/2016,91.3,37.63,4.79,60.32,112.1,12.12,51.93
9/19/2016,91.12,37.7,4.79,60.84,112.08,12.69,52.21
9/16/2016,91.41,36.61,4.79,60.16,112.11,12.62,51.82
9/15/2016,91.86,35.82,4.79,60.79,112.72,12.62,52.71
9/14/2016,92.49,35.84,4.79,59.94,113.57,12.64,51.93
9/13/2016,92.49,36,4.79,58.69,113.93,12.41,51.45
9/12/2016,92.83,34.93,4.79,59.05,110.57,12.21,49.37
9/9/2016,92.45,35.55,4.79,58.48,111.26,12.15,48.3
9/8/2016,92.59,35.25,4.79,58.5,111.25,12.6,49.4
9/7/2016,92.49,34.67,4.79,58.64,112.41,13.11,49.41
9/6/2016,92.86,35.15,4.79,57.45,114.09,13.04,48.06
9/5/2016,91.8,35.44,4.79,58.15,115.41,13.17,48.38
9/2/2016,92.2,35.49,4.79,58.15,114.71,13.17,48.38
9/1/2016,91.72,36.41,4.79,57.99,113.68,13.08,48.26
8/31/2016,91.96,36.39,4.79,58.2,114.71,13.01,48.77
8/30/2016,93.27,37.37,4.79,56.87,113.45,13.03,49.58
8/29/2016,93.41,38.34,4.79,57.11,113.92,13.02,50.18
8/26/2016,92.39,38.49,4.79,56.81,113.41,13.02,49.87
8/25/2016,92.95,39.35,4.79,57.43,113.5,13.38,50.01
8/24/2016,92.63,38.75,4.79,58.06,114.64,13.73,50.39
8/23/2016,92.56,36.96,4.79,58.49,115.36,13.43,50.7
8/22/2016,92.5,36.53,4.79,57.75,114.79,13.13,50.31
8/19/2016,92.26,36.53,4.79,57.4,115.18,12.89,50.1
8/18/2016,92.7,36.24,4.79,57.84,116.88,13.06,50.85
8/17/2016,93.64,36.3,4.79,58.06,116.53,13.33,50.94
8/16/2016,92.42,37.05,4.79,58.2,117.17,13.01,50.89
8/15/2016,94.09,36.17,4.79,58.85,117.36,13.09,51.52
8/12/2016,93.71,36.23,4.79,59.63,116.93,13.34,52.98
8/11/2016,93.8,36.72,4.79,59.61,116.45,13.24,53.2
8/10/2016,94.42,36.65,4.79,60.08,115.21,13.13,52.99
8/9/2016,94.42,36.4,4.79,60.63,115.28,12.98,52.77
8/8/2016,94.26,36,4.79,60.79,116.14,13.16,53.62
8/5/2016,94.46,36.49,4.7,61,115.18,13.21,54.01
8/4/2016,94.86,36.67,4.7,60.2,114.73,12.88,54.28
8/3/2016,94.87,36.6,4.7,58.56,115.95,14.84,54.7
8/2/2016,95.21,36.75,4.7,58.42,114.58,14.37,54.47
8/1/2016,95.55,35.87,4.7,58.52,116.17,15.01,55.81
7/29/2016,95.82,34.92,4.7,59.2,116.92,15.4,56.39
7/28/2016,95.97,34.96,4.7,60.12,117.25,15.32,57.26
7/27/2016,95.87,34.18,4.7,60.03,115.83,15.1,56.69
7/26/2016,96.39,34.59,4.48,60.23,115.83,15.75,59.46
7/25/2016,96.65,34.35,4.48,61.18,115.4,15.85,59.38
7/22/2016,96.87,34.44,4.38,61.32,115.66,15.68,59.46
7/21/2016,96.88,33.58,4.38,61.32,115.36,15.47,59.21
7/20/2016,97.1,33.48,4.38,62.69,115.41,15.33,60.16
7/19/2016,96.84,33.51,4.38,62.89,114.44,14.89,59.32
7/18/2016,97.77,35.6,4.38,63.2,115.43,14.72,59.19
7/15/2016,97.86,35.5,4.38,61.78,114.87,14.72,58.98
7/14/2016,96.67,36.34,4.38,61.55,115.19,14.59,58.64
7/13/2016,95.75,36.2,4.38,60.82,115.42,14.74,58.85
7/12/2016,95.83,36.55,4.38,60.55,115.01,14.86,58.35
7/11/2016,95.16,35.8,4.38,60.21,117.13,14.98,58.27
7/8/2016,96.09,36.36,4.38,59.34,117.1,14.48,57.82
7/7/2016,95.01,34.96,4.38,58.82,117.94,14,57.17
7/6/2016,95.54,35.92,4.38,59.32,118.52,14.13,57.14
7/5/2016,95.95,36.01,4.38,58.28,119.52,14.08,56.61
7/4/2016,95.91,36.03,4.38,57.95,119.38,14.17,57.54
7/1/2016,96.33,35.89,4.38,57.95,118.8,14.17,57.54
6/30/2016,96.69,35.88,4.38,57.82,118.31,14.33,57.95
6/29/2016,97.39,34.45,4.38,56.96,118.29,14.23,58.42
6/28/2016,97.71,34.66,4.12,56.95,119.21,13.96,56.66
6/27/2016,98.01,31.16,4.12,57.07,118.3,13.8,55.57
6/24/2016,98.22,30.04,4.12,58.15,117.52,14.5,57.58
6/23/2016,99.47,29.4,4.12,57.69,117.7,15.18,58.43
6/22/2016,100.15,28.35,4.12,57.52,118.01,15.05,57.84
6/21/2016,99.8,28.93,4.12,57.63,117.65,15.09,56.42
6/20/2016,99.97,29.33,4.12,58.17,119.42,15.32,57.04
6/17/2016,99.88,29.33,4.12,58.09,119.48,15.3,55.85
6/16/2016,100.2,28.31,4.12,59.13,121.71,15.56,56.54
6/15/2016,99.98,27.7,4.12,58.65,127.4,15.75,57.12
6/14/2016,99.62,26.77,4.12,58.58,128.26,15.76,57.18
6/13/2016,98.41,25.27,4.12,58.65,127.18,15.85,57.53
6/10/2016,98.45,27.05,4.12,58.95,126.06,16.2,57.79
6/9/2016,97.66,30.33,4.12,59,126.5,16.48,58.42
6/8/2016,98.03,29.89,4.12,59.08,123.8,16.74,58.45
6/7/2016,98.03,30.02,4.12,58.7,123.61,16.73,58.25
6/6/2016,97.82,29.71,4.12,58.17,123.93,16.8,57.53
6/3/2016,96.98,29.34,4.12,58.67,122.82,16.83,57.7
6/2/2016,96.05,29.14,4.12,58.49,122.25,17.33,58.08
6/1/2016,94.38,30.49,4.12,59.11,122,17.28,57.53
5/31/2016,95.72,30.36,4.12,60.03,121.31,17.46,57.69
5/30/2016,99.02,31.8,4.12,59.7,120.92,17.7,57.49
5/27/2016,98.79,33.14,4.12,59.7,120.63,17.7,57.49
5/26/2016,98.82,33.4,4.12,59.52,120.76,17.58,58.41
5/25/2016,99.57,32.51,4.12,59.52,120.4,17.47,58.59
5/24/2016,99,32.36,4.12,59.3,120.4,17.67,59.25
5/23/2016,98.38,31.26,4.12,58.49,120.34,17.6,59.16
5/20/2016,98.27,30.81,4.12,58.31,119.49,17.63,58.38
5/19/2016,98.4,31.67,4.12,57.72,118.5,17.48,58.01
5/18/2016,97.57,31.95,4.12,57.91,116.3,17.54,57.8
5/17/2016,97.34,31.91,4.12,57.3,119.44,17.63,58.42
5/16/2016,97.84,31.65,4.12,58.03,121.21,17.8,58.31
5/13/2016,98.04,31.65,4.12,58.19,120.62,17.81,58.01
5/12/2016,98.35,31.51,4.12,58.5,122.63,18.27,58.36
5/11/2016,98.78,32.17,4.12,58.02,123.42,17.87,57.77
5/10/2016,98.75,32.15,4.12,58.56,122.27,18.43,58.44
5/9/2016,98.72,31.73,4.39,58.81,122.47,18.36,58.45
5/6/2016,98.52,32.01,4.39,58.05,122.25,18.48,58.41
5/5/2016,99.22,32.15,4.39,58.88,122.51,18.49,58.03
5/4/2016,100.29,32.61,4.39,57.96,122.99,19.47,58.46
5/3/2016,100.29,32.64,4.39,57.74,122.36,19.71,58.8
5/2/2016,99.81,32.12,4.39,58.61,122.79,19.72,59.69
4/29/2016,99.86,31.51,4.39,58.07,122.11,19.93,60.05
4/28/2016,99.51,31.33,4.39,58.27,121.9,19.99,61.14
4/27/2016,99.18,32.86,4.39,59.21,122,20.33,61.33
4/26/2016,99.78,33.77,4.21,58.71,121.35,20.15,58.65
4/25/2016,98.41,32.94,4.21,58.4,121.17,19.86,58.26
4/22/2016,99,33.03,4.21,57.89,121.97,19.89,57.7
4/21/2016,99.94,32.81,4.21,58.32,122.06,19.8,57.89
4/20/2016,100.36,33.21,4.21,58.69,123.25,20.23,58.13
4/19/2016,100.52,34.58,4.21,58.95,123.25,20.3,58.54
4/18/2016,101.71,34.43,4.21,59.31,123.79,20.85,58.72
4/15/2016,102.29,34.69,4.21,58.67,123.26,20.75,58.21
4/14/2016,106.6,35.97,4.21,58.99,123.95,21.42,58.52
4/13/2016,105.34,36.71,4.21,58.95,122.81,21.65,59
4/12/2016,105.54,36.92,4.21,58.56,122.56,21.34,58.81
4/11/2016,104.93,37,4.21,58.04,125.29,21.26,59.37
4/8/2016,103.67,38.21,4.21,59,126.21,21.26,59.42
4/7/2016,103.78,40.01,4.21,58.02,127.69,21.2,59.11
4/6/2016,104.36,41.26,4.21,58.48,129.64,21.04,58.98
4/5/2016,103.26,41.34,4.21,58.19,128.83,20.63,57.56
4/4/2016,104.03,40.92,4.21,58.8,130.12,20.87,58.01
4/1/2016,105.28,40.91,4.21,59.24,129.14,20.9,58.19
3/31/2016,104.89,41.17,4.21,59.45,131.6,21.06,55.49
3/30/2016,104.57,39.94,4.21,59.7,130.83,21.45,56.06
3/29/2016,103.77,39.19,4.21,59.51,130.58,20.86,54.88
3/28/2016,102.91,38.73,4.21,59.52,129.28,20.43,54.94
3/25/2016,103.27,38.5,4.21,59.03,129.33,19.98,53.82
3/24/2016,102.64,38.36,4.03,59.03,128.4,19.98,53.82
3/23/2016,101.48,38.9,4.03,58.02,128.2,20.23,53.54
3/22/2016,98.59,38.93,4.03,58.72,126.49,20.01,54
3/21/2016,98.63,39.37,4.03,59.12,127.92,20.13,54.38
3/18/2016,99.48,39.52,4.03,59.76,128.3,19.97,54.72
3/17/2016,97.35,41.01,4.03,58.85,127.71,18.72,53.5
3/16/2016,96.27,41.38,4.03,58.89,127.46,17.12,52.69
3/15/2016,96.42,41.35,4.03,57.16,125.5,17.05,52.61
3/14/2016,96.16,40.91,4.03,57.27,125.79,17.4,53.53
3/11/2016,97.48,40.5,4.03,56.94,128.55,17.29,53.24
3/10/2016,97,40.5,4.03,56.45,128.86,17.38,53.05
3/9/2016,98.68,41.92,4.03,58.09,128.85,17.57,53.23
3/8/2016,99.07,42.76,4.03,57.55,127.78,17.76,51.67
3/7/2016,99.31,43.47,4.03,57.71,127.51,18.32,52.21
3/4/2016,98.91,43.44,4.03,57.88,126.89,18.48,52.56
3/3/2016,98.16,42.1,4.03,57.82,127.61,18.04,51.94
3/2/2016,98.09,42.31,4.03,57.94,127.56,17.97,51.58
3/1/2016,97.22,42.11,4.03,57.9,127.96,18.17,51.43
2/29/2016,97.22,42.59,4.03,58.94,128.14,18.09,50.86
2/26/2016,96.83,42.47,3.85,57.27,127.52,17.78,51.6
2/25/2016,97.58,41.63,3.85,57.05,127.38,18.01,51.53
2/24/2016,98.46,41.65,3.85,57.36,127.57,19.83,51.5
2/23/2016,99.2,40.77,3.85,57.35,127.02,19.67,51.79
2/22/2016,99.6,42.13,3.85,57.33,125.68,19.32,52.23
2/19/2016,98.44,41.63,3.72,56.5,125.83,19.01,51.38
2/18/2016,98.24,41.88,3.72,56.13,123.97,18.88,52.68
2/17/2016,98.81,41.59,3.47,54.33,123.17,18.88,51.39
2/16/2016,97.94,41.83,3.47,52.44,123.29,18.36,49.66
2/15/2016,97.04,41,3.47,51.1,123.29,17.94,47.52
2/12/2016,97.66,40.87,3.47,51.1,124.19,17.94,47.52
2/11/2016,97.82,41.36,3.47,49.94,123.82,17.6,47.11
2/10/2016,99.39,40.66,3.47,50.32,123.81,17.68,47.77
2/9/2016,98.48,40.38,3.47,49.81,124.08,17.5,47.75
2/8/2016,98.82,40.84,3.47,50.24,123.16,17.66,47.59
2/5/2016,97,39.76,3.47,51.95,123.52,18.3,48.18
2/4/2016,97.65,39.54,3.47,52.55,123.43,18.49,49.14
2/3/2016,95.52,39.34,3.47,53,122.9,18.77,49.48
2/2/2016,95.31,38.61,3.47,53.33,121.55,18.61,49.46
2/1/2016,95.65,37.82,3.47,54.36,119.98,19.1,51.08
1/29/2016,95.43,37.82,3.47,54.13,119.64,19.06,50.27
1/28/2016,95.38,36.49,3.47,52.39,118.42,19.09,49.75
1/27/2016,96.37,37.12,3.47,52.56,117.15,19,49.93
1/26/2016,95.01,36.19,3.47,52.68,117.18,18.87,49.4
1/25/2016,95.17,35.55,3.47,52.3,116.69,18.4,47.95
1/22/2016,95.5,36.75,3.47,53.19,118.48,18.65,49.31
1/21/2016,92.91,38.21,3.47,51.56,118.85,18.07,47.75
1/20/2016,91.15,37.51,3.47,51.55,117.19,17.92,46.74
1/19/2016,91.15,37.03,3.47,51.22,117.06,17.97,47.99
1/18/2016,90.31,39.38,3.47,50.82,118.37,17.5,48.25
1/15/2016,88.85,38.99,3.47,50.82,117.06,17.5,48.25
1/14/2016,92.32,38.14,3.47,52.12,116.9,17.7,50.95
1/13/2016,92.12,39.69,3.47,50.49,117.67,18.23,52.28
1/12/2016,93.9,39.64,3.47,51.5,116.53,18.75,53.73
1/11/2016,95.43,38.88,3.47,52,117.17,18.98,53.39
1/8/2016,95.14,40.16,3.47,53.53,118.64,19.18,53.08
1/7/2016,93.12,39.79,3.47,54.43,119.18,19.26,53.97
1/6/2016,95.15,39.06,3.47,55.42,117.93,19.57,53.97
1/5/2016,95.82,38.86,3.47,55.43,117.93,19.58,54.07
1/4/2016,93.53,38.76,3.47,55.85,116.73,19.39,54.49
1/1/2016,94.32,38.76,3.47,55.84,117.54,19.69,54.94
12/31/2015,96.27,40.55,3.47,55.84,117.01,19.69,54.94
12/30/2015,95.29,40.1,3.47,55.84,116.05,19.87,54.86
12/29/2015,96.9,42,3.47,55.89,115.4,20.14,54.74
12/28/2015,94.02,41.08,3.47,55.09,120.66,20.15,54.96
12/25/2015,92.54,40.37,3.47,54.51,121.47,19.99,54.63
12/24/2015,93.97,40.45,3.47,54.51,123.95,19.99,54.63
12/23/2015,93.9,41.23,3.53,54.15,124.61,19.8,54.01
12/22/2015,93.9,40.52,3.53,51.94,123.78,19.39,53.6
12/21/2015,99.11,40.91,3.53,52.02,122.38,18.87,53.68
12/18/2015,98.48,42.35,3.53,52.51,120.87,18.68,52.58
12/17/2015,101.46,42.35,3.53,53.56,120.43,18.71,53.26
12/16/2015,99.92,42.8,3.53,54.94,119.2,18.94,53.5
12/15/2015,99.25,43.5,3.53,54.17,118.4,18.52,53.07
12/14/2015,99.5,43.23,3.53,52.74,117.84,18.08,51.76
12/11/2015,100.36,43.81,3.53,52.22,115.78,17.77,51.99
12/10/2015,100.9,43.81,3.53,52.44,117.5,17.91,52.69
12/9/2015,102.98,43.29,3.53,53.45,115.18,17.85,52.61
12/8/2015,105.08,42.9,3.53,53.68,115.18,17.68,52.77
12/7/2015,105.08,42.4,3.53,54.67,116.62,17.79,53.11
12/4/2015,106.34,41.09,3.53,55.07,115.12,17.77,53.06
12/3/2015,107.08,42.46,3.53,54.94,117.44,17.65,52.49
12/2/2015,107.25,43.2,3.53,56.18,116.69,17.69,52.54
12/1/2015,105.86,42.6,3.53,57.4,115.48,17.84,52.71
11/30/2015,105.86,41.77,3.53,56.32,115.66,17.51,51.9
11/27/2015,105.56,42.09,3.53,57.13,118.4,17.62,52.92
11/26/2015,106.74,44.09,3.53,57.26,119.2,17.7,53.11
11/25/2015,106.59,43.65,3.53,57.26,117.58,17.7,53.11
11/24/2015,107.72,44.55,3.53,56.68,118.14,17.66,52.65
11/23/2015,112.01,45.78,3.53,56.93,118.14,17.43,52.79
11/20/2015,113.79,44.97,3.53,56.72,119.43,17.33,52.1
11/19/2015,112.16,43.27,3.53,56.51,120.07,17.14,51.41
11/18/2015,109.35,43.82,3.53,57.14,118.75,17.25,51.87
11/17/2015,108.04,43.26,3.53,56.37,118.57,16.96,51.19
11/16/2015,110.76,41.26,3.53,56.35,118.57,17.28,51.38
11/13/2015,111.47,41.69,3.53,56.05,118.8,17.42,51.27
11/12/2015,112.48,41.31,3.53,56.05,117.72,17.82,51.32
11/11/2015,113.83,41.31,3.53,57.35,117.69,18.08,52.39
11/10/2015,114.24,41.23,3.53,57.74,116.66,18.02,52.17
11/9/2015,111.89,42.3,3.53,58.07,117.5,17.91,51.35
11/6/2015,114,42.2,3.53,58.48,117.84,18.14,51.87
11/5/2015,115.39,42.3,3.53,57.61,116.93,18.3,52.03
11/4/2015,113.47,41.75,3.53,56.45,116.26,19.52,51.88
11/3/2015,115.13,42.3,3.53,56.35,116.08,19.79,51.94
11/2/2015,118.67,42.83,3.38,56.39,117.2,20.18,51.87
10/30/2015,118.67,43.45,3.38,56,116.58,19.93,52.04
10/29/2015,117.95,43.9,3.38,56.83,116.53,19.88,52.54
10/28/2015,119.42,44.39,3.38,56.91,116.42,20.01,51.51
10/27/2015,120.07,44.49,3.38,57,116.2,19.83,51.25
10/26/2015,118.71,44.65,3.52,58.03,113.39,19.88,52.2
10/23/2015,118.14,45.34,3.52,58,113.72,19.64,52.59
10/22/2015,116.13,45.6,3.52,58.15,114.45,19.36,52.47
10/21/2015,115.92,45.63,3.52,57,114.16,18.96,51.19
10/20/2015,114.84,46.5,3.52,57.02,114.23,18.88,51.08
10/19/2015,116.21,46.47,3.52,55.84,114.4,18.72,50.17
10/16/2015,116.52,46.22,3.52,55.65,114.4,18.72,48.93
10/15/2015,117.42,45.86,3.52,55.28,114.28,18.77,48.7
10/14/2015,116.42,45.86,3.52,54.61,114.47,18.69,48.14
10/13/2015,115.67,46.46,3.52,54.92,113.91,18.69,48.33
10/12/2015,113,46.47,3.52,54.97,113.3,18.3,48.49
10/9/2015,113.25,45.67,3.49,54.7,112.53,18.15,47.92
10/8/2015,115.54,45.99,3.49,54.4,110.94,19.12,48.24
10/7/2015,115.04,44.31,3.49,54.36,111.06,18.95,48.93
10/6/2015,113.74,44.79,3.49,53.57,109.97,18.76,48.16
10/5/2015,115.04,44.45,3.49,53.93,112.11,18.8,48
10/2/2015,114.34,43.71,3.49,52.95,113.85,18.6,46.95
10/1/2015,113.77,44.46,3.49,52.3,113.22,17.9,46.33
9/30/2015,113.52,43.8,3.49,52.61,112.93,17.81,45.78
9/29/2015,113.09,43.41,3.49,52.15,113.31,17.48,44.48
9/28/2015,113.25,43.84,3.49,51,112.85,17.73,44.6
9/25/2015,110.09,42.42,3.49,52.92,112.4,18.06,46.35
9/24/2015,109.84,39.74,3.49,53.27,112.08,18.07,46.29
9/23/2015,109.47,39.31,3.49,53.35,112.11,17.53,46.24
9/22/2015,108.24,38.13,3.49,54.09,112.25,17.5,45.27
9/21/2015,107.89,40.19,3.49,54.41,112.62,17.7,45.92
9/18/2015,105.73,38.63,3.49,54.55,112.94,17.67,45.46
9/17/2015,106.59,39.2,3.49,55.79,111.64,18.03,46.24
9/16/2015,106.35,38.83,3.49,55.55,112.18,18.11,46.46
9/15/2015,105.56,39.18,3.49,55.76,112.59,17.96,45.01
9/14/2015,104.61,39.08,3.49,54.91,110.87,18.22,45.03
9/11/2015,103.39,40.24,3.49,54.59,102.54,18.16,45.16
9/10/2015,103.77,40.25,3.49,54.32,103.84,18.22,44.82
9/9/2015,103.85,41.24,3.49,53.99,104.49,18.16,45.14
9/8/2015,103,41.19,3.49,54.68,104.82,17.76,45.3
9/7/2015,102.67,43.23,3.49,54.44,103.66,17.68,44.54
9/4/2015,102.2,43.49,3.49,54.44,102.82,17.68,44.54
9/3/2015,99.42,43.99,3.49,53.56,103.38,17.52,44.78
9/2/2015,98.49,43.06,3.49,53.45,103.24,17.28,44.36
9/1/2015,100.3,42.64,3.49,52.81,102.76,17.23,43.22
8/31/2015,100.62,42.29,3.49,55.18,102.95,17.8,44.97
8/28/2015,101.57,42.15,3.49,54.07,101.77,17.92,45.19
8/27/2015,102.49,41.21,3.49,54,101.9,17.79,44.65
8/26/2015,103.41,41,3.49,53.07,101.17,17.56,44.33
8/25/2015,102.84,40.8,3.49,51.97,99.79,17.1,42.53
8/24/2015,104.2,40.6,3.49,51.68,98.78,17.23,42.34
8/21/2015,103.96,40.6,3.49,52.19,98.53,18.45,44.1
8/20/2015,103.43,40.89,3.49,52.88,97.48,18.77,44.71
8/19/2015,103.82,41.51,3.49,52.85,95.96,19.47,45.65
8/18/2015,104.48,39.2,3.49,53.57,97.59,18.95,46.06
8/17/2015,102.6,38.98,3.49,54.26,97.29,18.77,46.13
8/14/2015,101.91,38.62,4.28,54.56,97.38,18.49,45.62
8/13/2015,104.01,39.03,4.28,54.9,97.2,18.52,45.52
8/12/2015,100.97,38.85,4.28,54.7,97.9,18.77,45.13
8/11/2015,100.97,37.5,4.28,53,97.05,18.21,44.88
8/10/2015,101.99,37.62,4.28,54.46,97.84,18.71,45.88
8/7/2015,101.89,39.75,4.28,53.76,98.69,18.06,45.79
8/6/2015,99.51,41.98,4.28,56.14,98.19,18.14,46.36
8/5/2015,101.88,43.53,4.28,58.11,96.97,17.4,46.81
8/4/2015,102.48,43.63,4.28,55,97.41,17.68,46.86
8/3/2015,102.17,43.95,4.28,54.98,95.25,17.69,46.84
7/31/2015,99.23,42.88,4.28,53.65,95.43,17.34,46.64
7/30/2015,95.89,42.67,4.28,52.83,96.78,17.43,46.14
7/29/2015,95.36,42.52,4.28,52.9,94.85,17.73,46.04
7/28/2015,98.84,42.7,4.28,52.83,94.85,17.4,45.84
7/27/2015,100.02,41.68,4.28,51.65,96.01,17.62,45.91
7/24/2015,106.45,41.49,4.28,54.09,96.04,18,45.7
7/23/2015,106.94,42.18,4.28,53.62,93.47,18.23,45.46
7/22/2015,109.05,42.96,4.28,55.5,95.02,18.53,46.15
7/21/2015,107.16,42.74,4.28,55.11,96.25,18.27,46.29
7/20/2015,107.52,41.71,4.28,56.27,97.33,17.92,46.35
7/17/2015,106.99,40.1,4.28,56.65,95.15,18.2,46.35
7/16/2015,108,40.27,4.28,56.51,91.21,18.19,47.1
7/15/2015,111,40.73,4.11,56.95,92.87,18.33,47.25
7/14/2015,109.35,41.17,4.11,57.04,97.13,18.61,48.52
7/13/2015,108.55,40.14,4.11,56.41,99.76,18.51,48.05
7/10/2015,110.53,39.63,4.11,56.08,101.1,18.54,47.52
7/9/2015,121.69,42.61,4.11,55.17,100.76,18.26,46.58
7/8/2015,121.12,41.43,4.11,55.61,100.66,18.11,46.11
7/7/2015,120,40.9,4.11,54.6,99.27,18.09,46.48
7/6/2015,120.03,40.55,4.11,54.69,99.37,17.9,46.16
7/3/2015,119.84,41.4,4.11,54.78,98.28,18.27,45.3
7/2/2015,118.46,41.39,4.11,54.78,98.81,18.27,45.3
7/1/2015,118.25,41.54,4.11,54.69,99.39,18.65,45.42
6/30/2015,118.91,42.06,4.11,54.49,98.92,18.44,44.85
6/29/2015,118.8,42.42,4.11,54.15,99.35,18.98,44.49
6/26/2015,119.33,41.21,4.11,55.38,99.8,19.6,45.63
6/25/2015,119.31,39.67,4.11,55.13,99.14,19.23,46.08
6/24/2015,119.58,39.31,4.11,55.45,99.42,19.27,45.81
6/23/2015,118.86,40.68,4.11,56.33,99.86,19.53,46.81
6/22/2015,119.07,39.73,4.11,56.94,99.17,19.44,46.94
6/19/2015,118.3,39.03,4.11,58,98.21,19.55,46.88
6/18/2015,117.85,39.03,4.11,58.37,97.33,19.93,47.18
6/17/2015,118.05,38.8,4.11,58.97,96.04,20.14,46.99
6/16/2015,116.44,39.94,4.11,58.45,96.1,20.29,47.9
6/15/2015,115.6,39.75,4.11,57.28,97.09,20.49,47.67
6/12/2015,115.19,41.44,4.11,57.3,97.58,20.6,47.96
6/11/2015,117.1,42.24,4.11,57.54,97.32,20.65,48.14
6/10/2015,115.7,42.24,4.11,58.22,97.49,20.86,47.48
6/9/2015,114.97,42.73,4.11,57.81,97.5,20.61,47.1
6/8/2015,114.97,43.03,4.11,57.44,97.86,20.43,45.83
6/5/2015,115.13,41.56,4.11,57.28,99.07,20.7,46.64
6/4/2015,114.14,39.98,4.11,57.63,98.78,21.13,46.9
6/3/2015,113.05,39.88,4.11,57.81,98.43,21.37,47.23
6/2/2015,114.99,39.48,4.11,58.14,97.65,21.31,47.91
6/1/2015,114.45,40.07,4.11,58.47,96.49,21.39,48.79
5/29/2015,113.77,40.71,4.07,60.31,95.84,21.6,48.86
5/28/2015,114.41,40.02,4.06,59.61,96.68,21.67,49.33
5/27/2015,113.53,40.43,4.06,59.32,95.65,21.82,49.16
5/26/2015,112.62,40.33,4.06,58.36,96.17,21.43,48.43
5/25/2015,113.22,39.86,4.06,57.79,96.17,21.7,48.97
5/22/2015,111.49,41.72,4.06,57.79,95.76,21.7,48.97
5/21/2015,111.06,42.17,4.06,57.2,95.07,21.29,49.8
5/20/2015,110.18,43.13,4.06,57.56,95.44,21.44,49.59
5/19/2015,109.95,43.78,4.06,58.6,97.29,21.48,49.84
5/18/2015,110.62,44.18,4.06,58.09,95.79,21.46,49.47
5/15/2015,110,42.37,4.06,58.19,96.64,21.34,49.89
5/14/2015,108.52,41.97,4.06,58.03,97.18,21.68,48.89
5/13/2015,109.29,42.24,4.06,58.01,96.87,21.47,47.74
5/12/2015,110.3,41.56,4.06,57.07,96.08,21.39,47.83
5/11/2015,110.3,42.61,4.06,56.58,96.17,21.16,47.44
5/8/2015,111.17,42.61,4.06,57.19,95.22,20.98,47.5
5/7/2015,110.75,42.47,4.06,57.52,94.63,21.09,46.63
5/6/2015,110.96,43.06,4.06,57.2,94.3,21.54,46.6
5/5/2015,110.37,47.85,4.06,56,95.06,21.54,46.95
5/4/2015,110.53,49,4.06,57.85,95.59,21.67,47.12
5/1/2015,110.37,48.67,4.06,57.85,95.3,21.65,47.67
4/30/2015,109.44,48.82,4.06,56.43,94.73,21.2,47.02
4/29/2015,110.26,48.49,4.06,56.99,95.32,21.25,47.26
4/28/2015,110.26,48.85,4.06,58,95.54,21.54,48.33
4/27/2015,110.39,49.65,4.06,58.27,96.31,21.44,48.71
4/24/2015,110.2,49.04,4.06,58.06,96.52,21.49,51.08
4/23/2015,110.56,49.06,4.06,57.5,96.29,21.14,49.88
4/22/2015,110.33,47.05,4.06,56.97,96.22,20.91,49.97
4/21/2015,110.3,47.01,4.06,56.16,95.93,20.86,48.6
4/20/2015,109.93,48.95,4.06,56.6,96.48,20.94,48.82
4/17/2015,109.19,49.39,4.06,56.59,98.66,20.29,48.19
4/16/2015,109.24,48.29,4.06,56.47,98.46,20.43,48.35
4/15/2015,108.6,48.88,4.06,55.85,98.99,20.47,48.03
4/14/2015,110.11,51.19,4.06,55.83,98.99,20.53,47.83
4/13/2015,109.26,51.87,4.06,56.4,99.28,20.67,48.01
4/10/2015,109.72,52.71,4.06,57,100.11,20.27,48.88
4/9/2015,110.81,51.45,4.06,57.02,100.68,19.99,48.25
4/8/2015,111.03,51.4,4.06,57,98.02,20.14,48.49
4/7/2015,110.52,51.36,4.06,56.93,98.04,20.01,48.19
4/6/2015,108.72,49.76,4.06,56.73,97.71,20.06,49.12
4/3/2015,109.81,48.19,4.06,57.89,97.35,19.66,48.26
4/2/2015,109.92,48.24,4.06,57.89,97.95,19.66,48.26
4/1/2015,110.16,47.75,4.06,58.53,97.51,19.51,47.69
3/31/2015,109.53,47.42,4.06,57.4,98.23,19.28,48.41
3/30/2015,109,47.79,4.06,56.53,96.78,19.39,48.31
3/27/2015,107.94,47.73,4.06,56.83,96.39,19.51,48.56
3/26/2015,107.68,47.84,4.06,56.82,96.13,19.45,47.89
3/25/2015,108.22,48.74,4.06,57.43,96.13,19.67,47.85
3/24/2015,106.69,47.5,4.06,58.22,97.8,19.91,48.11
3/23/2015,108.1,48.08,4.06,58.55,96.55,20.21,47.9
3/20/2015,106.98,49.18,4.06,57.91,97.02,20.1,47.57
3/19/2015,106.66,49.18,4.06,57.91,96.83,19.11,47.43
3/18/2015,106.51,50.44,4.06,56.84,96.44,19.22,47.33
3/17/2015,106.95,52.78,4.06,55.43,98.74,19.16,46.43
3/16/2015,106.77,53.64,4.06,55.24,97,19.04,45.92
3/13/2015,106.36,52.66,4.06,54.7,97.84,18.98,47.6
3/12/2015,105.43,51.27,4.06,55,94.87,18.68,47.83
3/11/2015,105.63,52.01,4.06,53.66,96.18,18.43,46.87
3/10/2015,106,53.93,4.06,54.49,94.88,18.51,46.59
3/9/2015,106,54.4,4.06,54.82,95.63,18.93,46.68
3/6/2015,105.44,55.76,4.06,54.79,96.44,19.09,45.97
3/5/2015,104.89,55.19,4.06,55.74,97.58,19.48,46.76
3/4/2015,106.12,54.13,4.06,55.76,97.44,19.05,46.94
3/3/2015,105.48,53.69,4.06,55.82,97.8,18.96,46.95
3/2/2015,105.24,50.22,3.72,55.33,96.55,18.45,46.72
2/27/2015,105,49.22,3.72,55.93,96.85,18.74,45.29
2/26/2015,107.11,48.68,3.72,55.68,96.35,19.17,46.04
2/25/2015,108.22,47.39,3.72,55.68,96.28,20.35,46.4
2/24/2015,108.43,46.74,3.72,56.09,95.83,20.77,47.3
2/23/2015,107.37,47.92,3.72,55.3,95.83,20.3,48.08
2/20/2015,107.97,48,3.72,54.26,96.29,19.96,47.13
2/19/2015,106.96,48.4,3.72,52.75,97.44,19.82,47.6
2/18/2015,107.37,48.95,3.72,53.47,97.88,19.08,46.31
2/17/2015,106.44,48.77,3.72,53.35,96.96,18.98,45.39
2/16/2015,107.17,48.31,3.72,53.8,97.64,18.83,45.11
2/13/2015,102.89,47.9,3.72,53.8,98.14,18.83,45.11
2/12/2015,103.09,49.35,3.72,54.35,99.36,18.8,45.16
2/11/2015,105.26,49.73,3.72,54.19,98.62,18.32,45.02
2/10/2015,103.82,51.52,3.72,54.46,97.05,18.38,45.53
2/9/2015,105.03,51.31,3.72,53,95.98,17.99,44.74
2/6/2015,105.57,51.02,3.72,54.13,97,17.98,44.74
2/5/2015,106.35,49.78,3.72,54.09,96.17,18.02,44.82
2/4/2015,105.89,49.31,3.72,54.17,97.15,17.76,44.15
2/3/2015,104.08,48.01,3.72,53.81,96.35,17.84,44.23
2/2/2015,104.56,48.39,3.72,54.5,96.25,17.55,43.99
1/30/2015,105.57,48.39,3.72,54.32,94.96,17.51,42.96
1/29/2015,104.67,47.88,3.72,54.21,96.29,17.64,43.85
1/28/2015,104.99,47.59,3.72,53.04,97.71,17.38,43.8
1/27/2015,104.55,48.05,3.72,53.4,97.13,17.71,44.28
1/26/2015,103.89,46.53,3.72,53.5,99.11,17.4,43.79
1/23/2015,103.86,48.15,3.72,53.4,100.25,16.68,43.23
1/22/2015,104.12,48.81,3.72,52.5,99.74,16.93,43.46
1/21/2015,104.17,49.46,3.72,51.79,100,16.46,43.05
1/20/2015,104.17,47.5,3.72,51.1,98.9,16.45,43.14
1/19/2015,103.58,48.72,3.72,50.57,99.51,16.61,43.04
1/16/2015,101.87,49.08,3.72,50.57,98.66,16.61,43.04
1/15/2015,101.92,52.24,3.72,50.5,94.98,16.5,42.98
1/14/2015,101.73,50.62,3.72,50.92,94.31,16.78,43.52
1/13/2015,102.02,52.7,3.72,51.59,94.19,16.79,44.02
1/12/2015,102.64,55.45,3.72,51.91,94.19,16.84,43.72
1/9/2015,101.28,55.69,3.72,51,94.58,16.85,43.3
1/8/2015,94.1,55.59,3.72,50.55,94.35,17.36,43.66
1/7/2015,91.93,53.67,3.72,49.46,95.65,17.47,42.96
1/6/2015,90.96,52.75,3.72,49.67,95.65,17.35,42.9
1/5/2015,93.22,49.81,3.72,48.2,95.09,17.45,43.43
1/2/2015,92.67,49.81,3.72,47.3,94.21,17.97,43.35
1/1/2015,93.97,49.41,3.72,47.83,94.02,17.9,43.15
12/31/2014,94.97,49.41,3.72,47.83,92.72,17.9,43.15
12/30/2014,94.72,50.4,3.72,47.49,93.99,17.93,43.23
12/29/2014,95.15,49.58,3.72,47.49,94.34,17.93,43.24
12/26/2014,94.17,52.02,3.72,47.55,94.05,17.53,43.06
12/25/2014,94.74,53.66,3.72,47.85,93.92,17.4,42.72
12/24/2014,95.18,53.01,3.72,47.85,92.51,17.4,42.72
12/23/2014,95.18,53.04,3.72,47.41,92.44,17.58,42.56
12/22/2014,94.35,53.88,3.72,46.8,93.27,17.35,41.98
12/19/2014,94.23,53.91,3.72,46.32,88.78,17.39,41.95
12/18/2014,95.19,53.63,3.72,46.39,89.57,16.4,41.97
12/17/2014,94.46,53.63,3.72,46.99,90.67,16.22,41.86
12/16/2014,94.25,53.42,3.72,46.73,89.56,15.43,41.15
12/15/2014,93.79,52.85,3.72,46.3,90.89,15.55,41.77
12/12/2014,92.83,51.96,3.72,45.38,90.34,15.77,41.23
12/11/2014,91.89,51.43,3.72,45.15,90.8,16.09,41.8
12/10/2014,92.38,51.43,3.72,45.01,91.49,15.64,41.38
12/9/2014,93.75,50.21,3.72,45.73,91.49,16.09,42.04
12/8/2014,94.19,50.84,4.07,45.73,91.38,16.14,41.85
12/5/2014,94.19,50.71,4.07,45.96,91.54,16.31,41.71
12/4/2014,94.7,50.14,4.07,46.02,92.83,16.13,41.56
12/3/2014,95.5,48.8,4.07,46.14,93.01,16.18,40.91
12/2/2014,95.03,47.96,4.07,46.5,93.21,16.25,40.53
12/1/2014,94.42,50.84,4.07,46.94,94.36,16.49,40.57
11/28/2014,94.42,49.97,4.07,47.73,94.01,16.69,40.65
11/27/2014,94.69,50.53,4.07,47.73,92.4,16.81,40.28
11/26/2014,94.2,48.94,4.07,47.73,92.23,16.81,40.28
11/25/2014,92.89,48.31,4.07,47.72,93.26,16.88,39.9
11/24/2014,92.61,50.82,4.07,47.19,93.7,17.06,39.71
11/21/2014,91.38,51.01,4.07,46.93,93.7,17.07,39.45
11/20/2014,90.17,49.65,4.07,46.79,94.25,17.08,39.1
11/19/2014,90.9,48.24,4.07,47.01,95.04,17.1,40.12
11/18/2014,91.49,47.86,4.07,46.82,94.78,17.06,40.8
11/17/2014,91.75,47.88,4.07,46.63,93.83,16.94,40.39
11/14/2014,91.63,48.53,4.07,46.86,93.83,16.91,40.47
11/13/2014,92.94,44.97,4.07,47.19,94.22,17.02,40.53
11/12/2014,93.8,44.97,4.07,47.5,93.89,16.85,40.87
11/11/2014,93.76,44.15,4.07,47.12,93.22,18.6,40.27
11/10/2014,93.23,43.21,4.07,46.71,93.67,18.45,39.93
11/7/2014,93.11,43.31,4.07,47.7,91.65,18.39,40.05
11/6/2014,93.47,44.16,4.07,47.62,88.72,18.84,39.89
11/5/2014,92.7,44.1,4.07,47.83,88.46,18.7,39.94
11/4/2014,92.51,45.05,4.07,47.74,90.62,18.53,40.05
11/3/2014,91.92,43.69,4.07,47.9,90.97,19.25,39.98
10/31/2014,91.92,44.01,4.65,47.26,90,19.24,40.3
10/30/2014,91.65,44.12,4.65,46.96,91.36,18.75,40.22
10/29/2014,90.58,43.43,4.65,47.2,92.61,19.2,40.25
10/28/2014,88.96,43.44,4.65,47.18,96.31,19,40.32
10/27/2014,88.9,43.83,4.65,46.96,95.66,18.5,39.87
10/24/2014,89.82,43.2,4.65,46.98,95.5,18.6,39.41
10/23/2014,90.28,43.14,4.65,47.18,95.11,18.55,39.06
10/22/2014,90.41,42.25,4.65,46.95,95.78,18.07,38.9
10/21/2014,90.8,42.7,4.65,45.25,96.81,18.06,34.5
10/20/2014,90.49,42,4.65,44.47,96.22,17.79,33.2
10/17/2014,89.9,41.35,4.65,44.78,96.22,17.71,33.85
10/16/2014,89.98,40.3,4.65,44.25,97,17.75,33.15
10/15/2014,89.78,39.94,4.65,43.81,97.17,17.96,34.54
10/14/2014,90,40.24,4.65,44.87,96.68,18.15,34.79
10/13/2014,92,39.91,4.65,44.04,96.64,17.92,34.9
10/10/2014,91,39.82,4.65,45.53,96.56,18.35,35.15
10/9/2014,90.35,38.48,4.65,46.43,96.41,18.51,35.32
10/8/2014,91.71,37.04,4.65,47.07,95.97,18.82,35.5
10/7/2014,91.38,37.85,4.65,46.17,96.21,18.66,34
10/6/2014,90.22,35.22,4.65,45.86,95.48,19.06,34.36
10/3/2014,89.53,33.38,4.65,46.57,95.33,18.97,34.75
10/2/2014,89.93,32.97,4.65,46.49,95.14,18.85,33.84
10/1/2014,88.45,31.69,4.65,47.36,95.11,18.73,34.02
9/30/2014,88.61,31.51,4.65,47.27,95.1,19.23,34.39
9/29/2014,87.99,28.58,4.65,47.37,94.66,19.56,34.56
9/26/2014,87.1,30.78,4.65,47.89,94.64,19.98,34.59
9/25/2014,87.54,31.98,4.65,47.32,94.47,19.72,33.84
9/24/2014,85.52,33,4.65,47.09,93.61,20.37,34.33
9/23/2014,83.83,34.09,4.65,45.55,93.73,20.04,34.09
9/22/2014,81.74,34.93,4.65,45.97,93.38,20.32,34.59
9/19/2014,82.08,36.23,4.65,45.91,92.73,20.57,34.6
9/18/2014,84.14,33.93,4.65,46.75,92.6,20.54,34.91
9/17/2014,83.91,34.39,4.65,46.78,92.01,20.51,34.41
9/16/2014,86.27,35.48,4.65,46.97,91.67,20.53,34.83
9/15/2014,85.71,35.03,4.65,47.19,91.02,20.5,34.96
9/12/2014,88.11,35.93,4.65,47.23,90.94,20.7,35.53
9/11/2014,87.11,35.21,4.65,47.4,91.01,20.9,35.49
9/10/2014,88.56,36.12,4.65,47.89,91.59,20.69,35.18
9/9/2014,88.45,35.33,4.65,47.53,91.04,20.44,34.75
9/8/2014,86.79,35.58,4.65,47.47,89.91,20.54,35.05
9/5/2014,87.49,36.63,4.65,47.47,90.44,20.48,35.17
9/4/2014,89.03,38.05,4.65,47.43,91.1,20.26,34.71
9/3/2014,88.83,37.46,4.65,48.5,90.73,20.21,35.31
9/2/2014,88.74,37.98,4.65,49,92.3,20.51,35.8
9/1/2014,88.07,37.07,4.65,49.49,92.72,20.79,36.48
8/29/2014,89.45,37.65,4.65,49.49,93.83,20.79,36.48
8/28/2014,88.31,38.09,4.65,49.42,92.81,20.56,37
8/27/2014,89.29,38.58,4.65,49.95,93.84,20.85,37.16
8/26/2014,90.49,37.96,4.65,50.01,94.86,20.47,37.51
8/25/2014,90.34,38.23,4.65,49.73,94.12,20.14,37.43
8/22/2014,90.33,37.85,4.65,49.88,94.19,20.27,37.54
8/21/2014,90.27,38.47,4.65,50.68,94.81,19.01,37.81
8/20/2014,90.08,39.14,4.65,51.44,96.22,18.94,38.03
8/19/2014,89.67,40.5,4.65,51.61,94.7,18.71,37.92
8/18/2014,89.97,38.88,4.65,50.36,94.16,18.9,37.54
8/15/2014,89.52,38.88,4.65,49.86,95,18.66,36.85
8/14/2014,89.6,39.17,4.65,49.33,93.51,18,36.86
8/13/2014,90.56,38.99,4.65,49.07,93.93,18.9,36.66
8/12/2014,90.94,39.09,4.48,49.16,94.36,28.15,36.93
8/11/2014,90.14,39.42,4.48,50.12,93.48,28.06,36.88
8/8/2014,90.94,39.85,4.48,50.57,93.53,27.17,36.87
8/7/2014,90.8,39.51,4.48,50.99,93.75,26.83,36.32
8/6/2014,89.88,40.6,4.48,50.69,93.47,27.43,36.56
8/5/2014,89.88,40.43,4.48,50.81,93.34,27.91,37.27
8/4/2014,90.23,40.66,4.48,52.51,92.96,28.27,38.28
8/1/2014,90.37,39.19,4.48,51.67,93,27.75,38.29
7/31/2014,90.02,39.57,4.48,51.8,91.09,27.85,38.22
7/30/2014,90.38,38.12,4.48,52.59,92.5,28.28,39.14
7/29/2014,90.49,37.52,4.48,52.44,93.07,28.21,39.24
7/28/2014,90.38,37.97,4.48,52.49,93.01,28.18,39.1
7/25/2014,89.84,37.18,4.48,52.6,93.14,28.3,38.97
7/24/2014,90.09,36.86,4.48,52.5,92.8,28.02,39.11
7/23/2014,89.97,37.46,4.48,52.57,93.72,28.02,39.66
7/22/2014,89.28,37.18,4.48,52.51,93.72,27.93,40.39
7/21/2014,88.61,38.14,4.48,51.92,94.14,28.01,39.31
7/18/2014,87.6,39.43,4.48,51.75,94.65,28.55,41
7/17/2014,87.21,38.85,4.48,50.97,94.11,27.97,40.29
7/16/2014,87.5,39.55,4.48,50.89,94.44,28.15,40.75
7/15/2014,86.85,39.53,4.48,50.29,94.45,28.37,40.98
7/14/2014,85.51,40.29,4.48,49.45,94.53,28.38,41.57
7/11/2014,86.59,41.68,4.48,50.11,94.19,28.58,41.76
7/10/2014,86.75,42.16,4.48,50.48,94.45,28.68,41.59
7/9/2014,87.24,43.33,4.48,51.1,94.25,28.66,41.39
7/8/2014,85.38,42.38,4.48,51.45,93.79,29,42.02
7/7/2014,85.88,42.48,4.48,52,93.66,29.59,42.1
7/4/2014,87.21,42.92,4.48,52.25,93.96,29.14,42.19
7/3/2014,86.2,41.7,4.48,52.25,93.56,29.14,42.19
7/2/2014,87.15,43.48,4.48,52.63,93.53,28.85,42.1
7/1/2014,86.23,43.7,4.48,52.8,93.55,28.1,42.51
6/30/2014,86.8,42.98,4.48,52.9,93.31,28.33,42.55
6/27/2014,86.04,42.88,4.48,52.95,93.47,28,42.82
6/26/2014,86.21,42.82,4.48,53,93.43,28.38,42.81
6/25/2014,85.74,41.99,4.48,53.52,94.31,28.31,43
6/24/2014,85.81,40.26,4.48,53.25,94.3,28.87,42.62
6/23/2014,85.03,40.1,4.48,52.98,94.56,29.6,42.31
6/20/2014,85.35,41.62,4.48,52.99,95.95,30.32,41.72
6/19/2014,86.15,41.62,4.48,53,95.82,30.14,41.54
6/18/2014,86.76,41.95,4.48,52.83,95.78,29.98,41.3
6/17/2014,86.89,43.86,4.48,52.78,95.72,29.74,40.87
6/16/2014,86.86,42.96,4.48,52.5,95.35,29.81,40.87
6/13/2014,87.22,44,4.48,52.17,95.35,30.16,40.7
6/12/2014,85.86,44.55,4.48,52.47,96.27,30.5,40.93
6/11/2014,86.59,43.91,4.5,52.83,97.55,31.06,41.69
6/10/2014,86.84,43.18,4.5,54.3,98.99,31.18,41.67
6/9/2014,86.84,44.36,4.86,54.9,98.37,31.1,41.73
6/6/2014,86.44,44.55,4.86,55.07,99.27,30.84,41.38
6/5/2014,86.47,43.06,4.86,55.11,100.3,30.59,41.33
6/4/2014,85.74,42.66,4.86,54.69,100.47,30.36,41.45
6/3/2014,85.3,41.87,4.86,52.89,100.37,30.4,40.45
6/2/2014,84.45,41.06,4.86,53.01,100.58,30.45,40.65
5/30/2014,83.9,40.38,4.86,52.03,101.07,30.52,40.46
5/29/2014,82.68,40.2,4.86,51.99,100.09,30.76,40.49
5/28/2014,82.76,42.29,4.86,51.96,100.17,31.25,40.64
5/27/2014,82.82,43.66,4.86,51.73,100.98,31.15,41.21
5/26/2014,83.77,43.59,4.86,51.94,100.98,31.18,40.44
5/23/2014,83.58,43.88,4.86,51.94,100.53,31.18,40.44
5/22/2014,83.16,42.41,4.86,51.34,101,31.04,40.92
5/21/2014,83.3,42.82,4.86,50.49,100.74,30.89,40.69
5/20/2014,82.8,41.44,4.86,49.71,101.46,30.64,39.86
5/19/2014,82.8,41.22,4.86,49.85,101.51,30.96,40.03
5/16/2014,84.31,40.16,4.86,49.99,101.61,30.05,40.1
5/15/2014,84.75,39.82,4.86,49.95,101.47,29.68,40.54
5/14/2014,85.48,39.8,4.86,49.95,101.91,29.34,40.64
5/13/2014,84.61,39.35,4.86,50.4,101.92,29.91,40.65
5/12/2014,84.78,39.11,4.86,50.57,101.91,30.57,40.96
5/9/2014,84.24,39.11,4.86,50.6,101.35,29.94,40.99
5/8/2014,83.88,38.72,4.86,51.18,101.27,30.5,40.69
5/7/2014,84.27,38.32,4.86,51.98,101.1,30.57,41.14
5/6/2014,84.01,38.24,4.86,51.85,100.49,30.5,40.18
5/5/2014,84.03,38.57,4.86,52.29,99.76,30.36,40.22
5/2/2014,83.6,38.53,4.86,52.62,100.42,31.03,40.2
5/1/2014,83.74,38.19,4.86,52.69,100.88,30.71,40.02
4/30/2014,83.32,38.84,4.86,51.88,101.38,30.06,40.14
4/29/2014,83.32,39.31,4.86,52.5,101.96,30.09,40.14
4/28/2014,82.35,39.39,4.86,52.06,102.45,29.9,39.69
4/25/2014,82.19,38.26,4.86,52.3,102.44,29.7,39.85
4/24/2014,81.09,38.25,4.86,53.75,101.45,30.37,39.77
4/23/2014,81.05,37.22,4.86,52.7,102.03,30.24,39.91
4/22/2014,80.39,36.67,4.86,52.55,101.43,30.17,40.47
4/21/2014,80.15,36.6,4.86,51.83,101.34,29.68,39.98
4/18/2014,80.92,36.49,4.86,52.01,101.3,30.01,40.11
4/17/2014,82.08,36.39,4.86,52.01,102.36,30.01,40.11
4/16/2014,82.42,35.07,4.86,50.94,102,29.73,40.12
4/15/2014,81.95,35.51,4.86,50.02,102,29.81,39.93
4/14/2014,81.6,35.16,4.86,50.09,102.45,29.68,39.6
4/11/2014,80.29,36,4.86,49.04,102.56,29.99,38.87
4/10/2014,81.03,37.26,4.86,49.6,101.53,30.46,38.78
4/9/2014,81.22,37.09,4.86,49.83,102.09,31.75,39.45
4/8/2014,80.31,36.16,4.86,49.5,103.14,30.9,39.47
4/7/2014,79.56,35.67,4.86,49.32,102.5,29.33,38.64
4/4/2014,79.34,35.4,4.86,50.21,103.03,29.97,39.98
4/3/2014,78.64,35.4,4.86,50.92,103.53,30.01,40.45
4/2/2014,77.78,35.51,4.86,50.98,102.86,30.44,40.59
4/1/2014,78.23,33.72,4.86,51.13,102.93,30.01,40.78
3/31/2014,79.59,33.37,4.86,50.93,101.95,30.23,40.15
3/28/2014,79.52,33.68,4.86,50.95,101.96,30.14,40.02
3/27/2014,79.45,35.29,4.86,50.75,100.95,30.36,40.28
3/26/2014,79.11,36.9,4.86,51.51,101.14,31.06,40.99
3/25/2014,79.99,35.98,4.66,51.7,101.43,31.87,41.55
3/24/2014,79.99,35.78,4.66,51.49,100.96,31.98,41.59
3/21/2014,78.95,36.56,4.66,51.97,101.38,33.17,41.98
3/20/2014,77.66,37.34,4.66,51.61,101.5,32.8,42.32
3/19/2014,77.62,37.71,4.66,52.3,100.31,32.3,42.02
3/18/2014,77.01,37.94,4.66,53.6,100.73,31.97,42.71
3/17/2014,77.51,36.6,4.66,54.18,99.84,31.68,42.45
3/14/2014,80.47,35.39,4.57,53.54,99.13,32.56,42.21
3/13/2014,79.57,35.77,4.57,53.17,99.32,31.51,42.26
3/12/2014,79.13,36.7,4.57,53.1,99.67,32.37,42.13
3/11/2014,80.43,37.9,4.62,53.76,100.25,33.6,42.46
3/10/2014,81.69,36.8,4.62,52.39,100.25,33.87,42.09
3/7/2014,81.67,36.11,4.61,52.61,100.83,33.12,42.06
3/6/2014,81.57,36.56,4.61,52.7,100.83,35.11,42.02
3/5/2014,80.07,37.08,4.61,51.91,100.11,34.92,41.7
3/4/2014,78.99,37.35,4.61,52.3,99.29,34.4,41.15
3/3/2014,78.48,37.7,4.61,52.17,99.43,33.77,40.6
2/28/2014,78.62,36.34,4.61,53.2,98.35,34.14,40.8
2/27/2014,79.55,36.74,4.61,53.48,98.08,34.25,40.53
2/26/2014,79.49,37.56,4.61,53.18,97.01,34.29,40.33
2/25/2014,80.35,38.08,4.61,54.1,97.87,34.56,39.98
2/24/2014,80.81,38.96,4.4,53.8,97.66,34,39.91
2/21/2014,80.52,39.02,4.4,53.03,97.59,33.5,39.97
2/20/2014,81.99,38.81,4.4,52.78,97.9,33.76,39.88
2/19/2014,81.39,37.86,4.4,52.55,98.03,33.74,40.02
2/18/2014,80.07,37.34,4.4,52.56,97.24,33.4,38.25
2/17/2014,79.93,36.1,4.4,52.71,96.16,33.25,37.97
2/14/2014,81.38,36.93,4.4,52.71,95.84,33.25,37.97
2/13/2014,81.05,36.56,4.4,52.05,95.91,32.81,37.58
2/12/2014,81.97,36.75,4.4,51.9,96.18,32.52,37
2/11/2014,82.21,37,3.85,49.91,95.47,32.54,36.99
2/10/2014,83.34,36.65,3.85,49.24,96.6,32.52,35.69
2/7/2014,82.68,36.17,3.85,48.62,96.1,32.6,35.46
2/6/2014,81.71,35.66,3.85,48.39,97.31,31.9,35.01
2/5/2014,79.46,34.59,3.85,47.99,97.6,31.22,33.99
2/4/2014,80.81,34.31,3.85,48.36,97.58,31.51,34.45
2/3/2014,80.48,34.41,3.85,48.59,97.37,31.1,34.38
1/31/2014,80.08,34.41,3.85,49.74,98.71,32.42,35.89
1/30/2014,80.21,35.03,3.85,49.45,98.78,32.05,35.44
1/29/2014,80.73,34.69,3.85,49.26,95.2,32.62,35.5
1/28/2014,80.13,35.13,3.85,49.72,95.5,33.23,36.18
1/27/2014,79.19,35.58,3.85,49.5,95.58,33.15,36.47
1/24/2014,78.87,35.67,3.85,49.96,95.02,33.18,36.49
1/23/2014,79.58,34.66,3.85,50.46,94.98,33.44,37.13
1/22/2014,79.23,33.8,3.85,51.16,94.32,32.94,37.37
1/21/2014,79.23,34.05,3.85,51.36,95.15,32.99,37.3
1/20/2014,77.9,33.96,3.85,51.41,95.08,33.25,37.22
1/17/2014,77.91,33.55,3.85,51.41,95.89,33.25,37.22
1/16/2014,77.79,33.8,3.85,51.61,96.62,33.59,37.64
1/15/2014,77.06,32.98,3.89,51.67,96.5,30.99,36.32
1/14/2014,75.67,31.96,3.89,51.54,96.45,30.78,36.98
1/13/2014,75.56,30.18,3.89,51.36,95.75,30.1,36.93
1/10/2014,71.76,30.4,3.89,51.8,95.55,29.45,37.34
1/9/2014,71.05,31.35,3.89,51.02,96.02,27.97,37.21
1/8/2014,69.99,31.2,3.89,50.22,95.78,27.79,36.89
1/7/2014,72.61,30.66,3.89,50.63,95.78,28.11,36.89
1/6/2014,73.22,30.02,3.89,49.48,95.46,28.21,36.49
1/3/2014,71.33,30.02,3.89,50.83,94.89,28.9,36.61
1/2/2014,72.88,29.34,3.89,50.07,95.34,29.02,36.78
1/1/2014,72.25,28.84,3.89,49.58,94.86,28.77,36.82
12/31/2013,72.72,28.87,3.89,49.58,95.92,28.77,36.82
12/30/2013,74.79,28.65,3.89,49.14,94.94,28.12,36.57
12/27/2013,75.31,29.35,3.89,48.23,93.58,28.63,36.39
12/26/2013,74.2,29.42,3.87,48.42,93.09,28.54,36.65
12/25/2013,73.98,27.63,3.87,48.1,93.02,29.07,36.34
12/24/2013,73.98,26.91,3.87,48.1,94.17,29.07,36.34
12/23/2013,74.21,27.03,3.87,47.83,93.8,28.79,36.33
12/20/2013,74.28,26.54,3.87,48.2,93.15,29.34,35.85
12/19/2013,74.45,25.36,3.87,48.6,94.18,29.27,35.64
12/18/2013,73.27,25.25,3.87,48.6,94.07,29.72,35.69
12/17/2013,75.39,25.25,3.87,48.07,94.43,29.33,35.12
12/16/2013,74.9,24.78,3.76,49.14,95.32,29.49,35.4
12/13/2013,75.22,24.94,3.73,48.25,94.88,29.31,35.98
12/12/2013,76.34,26.13,3.73,48.44,95.08,29.41,35.85
12/11/2013,75.82,26.25,3.6,48.19,94.93,30.08,35.92
12/10/2013,76.11,26.25,3.6,47.84,94.93,29.63,36.33
12/9/2013,76.27,26.18,3.6,47.93,96.06,29.85,37.08
12/6/2013,76.4,26.33,3.6,47.6,95.46,29.66,37.26
12/5/2013,76.4,26.12,3.6,46.93,95.22,29.68,36.6
12/4/2013,76.23,26.23,3.6,47.08,94.83,29.55,36.75
12/3/2013,74.35,26.1,3.6,47.93,95.8,29.65,37.03
12/2/2013,74.62,26.61,3.6,48.58,95.46,30.01,36.78
11/29/2013,73.85,26.23,3.6,49.8,95.41,29.82,37.21
11/28/2013,73.85,25.45,4.07,49.4,96.38,29.65,37.22
11/27/2013,73.28,25.99,4.07,49.4,95.85,29.65,37.22
11/26/2013,72.4,24.88,4.07,48.14,96.54,29.6,37.33
11/25/2013,72.97,24.6,4.07,47.92,96.41,29.86,37.29
11/22/2013,72.2,30.5,4.07,47.55,97.03,30.52,37.37
11/21/2013,70.66,28.38,4.07,46.97,97.03,30.59,37.11
11/20/2013,70.51,27.23,4.07,47.03,97.01,31.19,38.32
11/19/2013,69.62,29.1,4.07,47.99,96.91,31.81,38.41
11/18/2013,69.63,31.22,4.07,48.32,96.84,32.05,38.38
11/15/2013,70.52,32.18,4.07,47.99,96.54,31.5,38.25
11/14/2013,71.57,32.8,4.07,47.55,96.54,30.68,38.32
11/13/2013,71.11,32.05,4.07,47.04,96.3,32.82,37.96
11/12/2013,71.46,32.16,4.05,47,96.51,31.92,36.89
11/11/2013,70.23,32.29,4.05,46.69,95.14,31.2,36.97
11/8/2013,69.97,32.13,4.05,46.98,95.93,30.67,36.6
11/7/2013,69.9,32.26,4.03,46.72,94.38,30.87,36.56
11/6/2013,70.91,32.66,4.03,45.47,95.45,30.48,36.93
11/5/2013,70.54,32.66,3.98,45.45,94.44,29.33,37.21
11/4/2013,70.77,31.51,3.98,45.6,94.1,29.67,37.09
11/1/2013,70.77,31.99,3.98,45.49,95.26,29.73,36.84
10/31/2013,71.18,31.59,3.98,45.85,95.43,30.03,37.61
10/30/2013,69.74,32.13,3.93,45.26,95.72,29.85,37.85
10/29/2013,70.2,25.49,3.93,44.82,96.8,30.03,37.98
10/28/2013,69.94,25.76,3.93,44.99,95.43,30.33,37.77
10/25/2013,69.23,24.71,3.93,45,95.71,29.99,37.14
10/24/2013,69.12,24.69,3.93,44.88,96.38,29.76,37.4
10/23/2013,69.5,25.92,3.93,44.32,96.51,28.71,35.09
10/22/2013,70,26.35,3.93,44.09,97.37,29.43,35.29
10/21/2013,70.02,21.15,3.93,43.96,97.06,29.76,35.01
10/18/2013,68.97,19.68,3.93,44.19,97.06,29.98,34.77
10/17/2013,67.77,19.54,3.93,43.68,98.2,29.57,34.1
10/16/2013,68.34,18.74,3.93,43.55,98.92,29.21,33.55
10/15/2013,68.58,17.51,3.93,43,98.27,28.56,33.16
10/14/2013,67.15,16.65,3.93,43.5,97.7,28.74,33.45
10/11/2013,69,18.47,3.93,43.4,97.54,28.62,33.24
10/10/2013,68.85,16.87,3.93,42.93,97.98,28.05,32.64
10/9/2013,68.81,16.52,3.93,42.86,97.65,27.66,31.93
10/8/2013,69.01,15.98,3.93,43.34,96.92,28.19,32.22
10/7/2013,68.59,15.9,3.93,43.5,97.56,29.13,32.77
10/4/2013,68.47,15.05,3.93,43.78,98.11,29.3,33.11
10/3/2013,68.92,13.76,3.93,43.58,97.66,29.65,32.83
10/2/2013,69,13.49,3.93,43.72,97.09,30.08,33.42
10/1/2013,69.26,13.71,3.93,43.98,97.01,30.3,33.92
9/30/2013,69.05,13.41,3.93,43.6,97.2,29.63,33.79
9/27/2013,68.12,13.65,3.93,43.73,97.9,30.21,34.13
9/26/2013,69,13.44,3.93,43.72,97.41,30.53,34.28
9/25/2013,67.61,13.52,3.93,43.33,97.31,30.78,34.06
9/24/2013,67.15,14.03,3.93,43.94,97.24,31.65,34.53
9/23/2013,66.42,13.49,3.93,44.07,96.52,31.73,35.04
9/20/2013,66.35,12.29,3.93,44.27,96.03,31.73,35.19
9/19/2013,66.44,12.21,3.93,44.23,96.05,31.56,36.09
9/18/2013,66.83,11.91,3.93,44.19,95.37,31.3,35.62
9/17/2013,66.21,11,3.93,43.86,94.78,31.21,35
9/16/2013,65.58,11.7,3.93,43.79,94.68,30.96,35.4
9/13/2013,63.59,11.65,3.93,43.9,94.21,31.43,34.99
9/12/2013,64,12.02,3.93,43.84,95.12,30.84,34.25
9/11/2013,64.59,11.06,3.93,44.08,94.59,28.65,33.43
9/10/2013,65.3,10.58,3.38,43.76,95.2,29.78,33.28
9/9/2013,64.02,10.5,3.38,43.73,95.47,29.26,33.52
9/6/2013,64.88,10.58,3.38,43.9,95.22,30,33.7
9/5/2013,64.83,10.28,3.38,43.88,93.8,30.05,33.7
9/4/2013,64.49,10.09,3.38,43.96,94.72,29.34,33.57
9/3/2013,65.19,10.2,3.38,42.59,94.74,29.8,33.25
9/2/2013,65.24,9.96,3.38,42.45,94.44,29.93,33.01
8/30/2013,64.45,9.77,3.38,42.45,93.27,29.93,33.01
8/29/2013,64.32,9.4,3.38,42.5,93.94,29.59,33.36
8/28/2013,64.75,9.26,3.38,42.5,94.36,29.7,33.74
8/27/2013,65.01,8.81,3.38,42.64,94.7,31.76,33.73
8/26/2013,65.72,8.76,3.38,42.91,94.67,33.07,34.22
8/23/2013,67.11,9.1,3.38,43.13,95.28,33.29,34.49
8/22/2013,66.98,9.24,3.38,43.81,96.13,33.54,34.61
8/21/2013,66.94,9.48,3.38,43.45,96.21,33.38,33.47
8/20/2013,66.69,9.48,3.38,43.5,97.12,33.47,33.99
8/19/2013,65.49,9.08,3.38,43.49,98.19,33.51,33.74
8/16/2013,63.94,8.17,3.38,43.55,97.62,33.88,33.59
8/15/2013,62.83,8.33,3.38,43.63,97.78,33.49,33.87
8/14/2013,61.59,8.54,3.38,44.02,97.28,34.94,34.86
8/13/2013,61.39,8.41,3.38,43.95,96.9,36.31,35.07
8/12/2013,61.3,8.22,3.38,44.2,97.92,36.46,35.73
8/9/2013,61.11,8.19,3.38,44.09,98.7,35.95,35.94
8/8/2013,60.93,8.38,3.38,43.56,97.92,35.74,36.2
8/7/2013,60.83,7.71,3.38,43.22,97.71,36.51,36.23
8/6/2013,60.83,15.31,3.38,43.23,97.35,36.88,36.51
8/5/2013,61.08,15.39,3.38,43.35,97.18,37,37.46
8/2/2013,60.81,15.02,3.38,43.27,97.46,36.61,37.65
8/1/2013,60.69,14.06,3.38,43.5,96.89,37.01,37.15
7/31/2013,61.35,14.14,3.38,42.91,96.45,36.67,36.79
7/30/2013,61.73,14.65,3.38,42.47,96.26,36.81,36.86
7/29/2013,61.64,15.58,3.38,42.77,95.66,37.54,37.34
7/26/2013,61.14,15.39,3.38,42.54,95.16,37.63,37.54
7/25/2013,61.88,14.24,3.38,42.14,94.52,37.47,36.8
7/24/2013,61.83,13.76,3.38,42.26,94.36,37.81,36.79
7/23/2013,62.17,13.33,3.38,42.59,94.36,38.33,36.18
7/22/2013,62.38,12.99,3.54,42.1,94.86,38.05,35.24
7/19/2013,63.96,12.64,3.54,42.27,96.08,38.3,35.85
7/18/2013,63.98,12.64,3.54,42.13,94.84,38.18,36.04
7/17/2013,63.93,11.51,3.54,42.32,95.31,38.3,36.76
7/16/2013,64.73,11.38,3.54,42.33,95.13,38.71,36.35
7/15/2013,65.75,11.11,3.54,42.25,95.46,38.88,37.16
7/12/2013,65.91,11.16,3.54,42.63,95.11,38.32,37.46
7/11/2013,67.05,11.86,3.54,42.04,95.5,38.92,37.11
7/10/2013,66.02,10.79,3.54,41.82,95.48,38.53,36.68
7/9/2013,66.51,10.68,3.38,42.1,95.03,38.47,36.78
7/8/2013,65.36,10.63,3.38,41.83,95.39,36.49,37.1
7/5/2013,64.65,10.68,3.38,41.68,96.11,35.45,37.01
7/4/2013,64.18,10.44,3.38,41.66,96.45,35.17,37.03
7/3/2013,64.61,10.87,3.38,41.66,97.04,35.17,37.03
7/2/2013,64.98,11.41,3.38,41.98,97.62,35.7,36.87
7/1/2013,64.55,12.42,3.38,42,98.04,36.41,36.85
6/28/2013,64.64,12.58,3.38,41.4,98.33,35.1,35.16
6/27/2013,64.45,12.26,3.38,40.64,98.69,35.1,35.48
6/26/2013,64.4,12.18,3.38,39.53,99.31,35.55,35.85
6/25/2013,65.16,12.37,3.38,39.44,99.2,36.3,35.67
6/24/2013,65.82,12.37,3.38,39,99,37.43,35.84
6/21/2013,65.36,12.61,3.38,39.11,98.08,37.73,35.99
6/20/2013,65.03,13.12,3.38,39.11,98.37,38,36.5
6/19/2013,65.93,12.99,3.38,40.89,97.87,38.28,36.8
6/18/2013,66.98,11.78,3.38,41.33,98.03,37.99,37.93
6/17/2013,66.58,12.79,3.38,41.22,97.49,37.9,37.06
6/14/2013,64.91,14.11,3.38,40.78,96.66,37.95,37.47
6/13/2013,64.94,13.84,3.31,40.4,96.76,37.13,37.34
6/12/2013,64.71,13.39,3.31,40.23,97.58,36.63,37.28
6/11/2013,63.82,14.08,3.31,39.89,100.27,37.02,37.23
6/10/2013,63.61,14.62,3.31,40,100.18,37.73,37.7
6/7/2013,63.61,15.53,3.31,39.92,100.1,37.56,38.03
6/6/2013,63.26,15.53,3.31,40.23,100.88,37.45,37.95
6/5/2013,63.93,14.99,4.06,40.19,100.75,36.39,37.85
6/4/2013,63.15,14.86,4.06,40.54,101.58,36.6,37.99
6/3/2013,63.72,14.22,4.06,40.35,100.79,35.64,37.43
5/31/2013,63.21,16.17,4.06,40.91,99.98,35.39,37.29
5/30/2013,62.57,17.54,4.06,41.9,99.99,35.6,37.98
5/29/2013,62.44,18.34,4.06,42.5,99.88,36.15,38.03
5/28/2013,62.73,17.14,4.06,43,99.86,37.71,38.74
5/27/2013,61.98,15.5,4.06,42.55,100.35,37.99,38.84
5/24/2013,64.33,14.51,4.06,42.55,100.35,37.99,38.84
5/23/2013,65.29,14.06,4.06,42.72,99.93,37.46,39.2
5/22/2013,64.49,13.47,4.06,43.39,99.82,37.73,39.29
5/21/2013,63.8,13.07,4.06,44,99,38.11,39.98
5/20/2013,64.3,12.07,4.06,43.9,99.65,38.85,39.67
5/17/2013,62.99,11.83,4.06,43.97,98.84,38.88,39.55
5/16/2013,63.8,11.59,4.06,43.8,97.52,37.35,39.34
5/15/2013,63.83,11.54,4.06,43.35,97.29,37.35,39.26
5/14/2013,64.85,11.24,4.06,43.33,97.23,36.92,39.6
5/13/2013,63.14,11.33,4.06,42.78,96.79,36.86,38.97
5/10/2013,63.12,11.24,4.06,42.42,98.81,35.16,38.96
5/9/2013,64.35,10.74,4.06,42.44,99.75,34.35,38.68
5/8/2013,63.8,10.47,4.06,42.43,98.74,34.02,38.26
5/7/2013,63.08,10.63,4.06,42.26,98.42,33.72,38.5
5/6/2013,64.65,10.41,3.91,42.27,98.88,33,37.38
5/3/2013,66.26,9.83,3.91,41.98,98.24,33.13,37.22
5/2/2013,66.69,10.33,4.66,41.76,98.23,33.69,37.17
5/1/2013,65.49,10.33,4.66,42,99.53,33.05,36.1
4/30/2013,65.49,10.63,4.66,42,98.28,33.6,36.44
4/29/2013,65.23,10.74,4.66,42.01,96.68,33.16,36.43
4/26/2013,65.57,9.88,4.66,41.99,96.42,32.32,36.66
4/25/2013,65.83,10.44,4.66,41.99,98.37,33.2,37.03
4/24/2013,66.12,10.33,4.66,42.14,97.96,32.47,37.35
4/23/2013,66.58,9.83,4.66,42.03,96.57,32.85,37.47
4/22/2013,66.47,9.59,4.66,42.3,97.07,32.92,38.56
4/19/2013,67.67,9.34,4.66,41.75,99.05,33.52,35.63
